Unix Timestamp,Symbol,Close
1639972800000,BTCUSD,46896.58
1639886400000,BTCUSD,46709.08
1639800000000,BTCUSD,47745.99
1639713600000,BTCUSD,46312.19
1639627200000,BTCUSD,47779.8
1639540800000,BTCUSD,48838.59
1639454400000,BTCUSD,48280.5
1639368000000,BTCUSD,46968.47
1639281600000,BTCUSD,48899.75
1639195200000,BTCUSD,49333.66
1639108800000,BTCUSD,48331.11
1639022400000,BTCUSD,48405.03
1638936000000,BTCUSD,49567.4
1638849600000,BTCUSD,50162.48
1638763200000,BTCUSD,51012.43
1638676800000,BTCUSD,49103.01
1638590400000,BTCUSD,49249.56
1638504000000,BTCUSD,52055.9
1638417600000,BTCUSD,56380.25
1638331200000,BTCUSD,56362.19
1638244800000,BTCUSD,57404.47
1638158400000,BTCUSD,57163.87
1638072000000,BTCUSD,57400.61
1637985600000,BTCUSD,54161.85
1637899200000,BTCUSD,54409.03
1637812800000,BTCUSD,57952.35
1637726400000,BTCUSD,57756.25
1637640000000,BTCUSD,56423.5
1637553600000,BTCUSD,56975.38
1637467200000,BTCUSD,57440.38
1637380800000,BTCUSD,58741.06
1637294400000,BTCUSD,58596.83
1637208000000,BTCUSD,55911.16
1637121600000,BTCUSD,59885.21
1637035200000,BTCUSD,59050.45
1636948800000,BTCUSD,60944.13
1636862400000,BTCUSD,65744.18
1636776000000,BTCUSD,64673.28
1636689600000,BTCUSD,63805.12
1636603200000,BTCUSD,64857.63
1636516800000,BTCUSD,64785.34
1636430400000,BTCUSD,66491.25
1636344000000,BTCUSD,68525.75
1636257600000,BTCUSD,65235.2
1636171200000,BTCUSD,62199.69
1636084800000,BTCUSD,61172.03
1635998400000,BTCUSD,62249.6
1635912000000,BTCUSD,62469.83
1635825600000,BTCUSD,63257.57
1635739200000,BTCUSD,61133.24
1635652800000,BTCUSD,59947.01
1635566400000,BTCUSD,61719.1
1635480000000,BTCUSD,61669.43
1635393600000,BTCUSD,61706.36
1635307200000,BTCUSD,58884.7
1635220800000,BTCUSD,60728
1635134400000,BTCUSD,62765.47
1635048000000,BTCUSD,62091.93
1634961600000,BTCUSD,61226
1634875200000,BTCUSD,61234.9
1634788800000,BTCUSD,63243.4
1634702400000,BTCUSD,65077.99
1634616000000,BTCUSD,63870.2
1634529600000,BTCUSD,62600
1634443200000,BTCUSD,62100
1634356800000,BTCUSD,61144.42
1634270400000,BTCUSD,61624.84
1634184000000,BTCUSD,59407.55
1634097600000,BTCUSD,58073.82
1634011200000,BTCUSD,56289.06
1633924800000,BTCUSD,56710
1633838400000,BTCUSD,56520.58
1633752000000,BTCUSD,55043.76
1633665600000,BTCUSD,54588
1633579200000,BTCUSD,53826.69
1633492800000,BTCUSD,54838.9
1633406400000,BTCUSD,51561.6
1633320000000,BTCUSD,49320.94
1633233600000,BTCUSD,47509.65
1633147200000,BTCUSD,47899.79
1633060800000,BTCUSD,47555.51
1632974400000,BTCUSD,43628.16
1632888000000,BTCUSD,43601.2
1632801600000,BTCUSD,42210.47
1632715200000,BTCUSD,42565.16
1632628800000,BTCUSD,44024.27
1632542400000,BTCUSD,42239.94
1632456000000,BTCUSD,42650
1632369600000,BTCUSD,44301
1632283200000,BTCUSD,44094.55
1632196800000,BTCUSD,42089.88
1632110400000,BTCUSD,42688.03
1632024000000,BTCUSD,45553.62
1631937600000,BTCUSD,47854.23
1631851200000,BTCUSD,47962.79
1631764800000,BTCUSD,47907
1631678400000,BTCUSD,47629.1
1631592000000,BTCUSD,47101.27
1631505600000,BTCUSD,45206.43
1631419200000,BTCUSD,44619.12
1631332800000,BTCUSD,45311.46
1631246400000,BTCUSD,45181.52
1631160000000,BTCUSD,46743.4
1631073600000,BTCUSD,46005.27
1630987200000,BTCUSD,46490.38
1630900800000,BTCUSD,52663.45
1630814400000,BTCUSD,51638.18
1630728000000,BTCUSD,49692.22
1630641600000,BTCUSD,50292.02
1630555200000,BTCUSD,49485
1630468800000,BTCUSD,49596.74
1630382400000,BTCUSD,47052.84
1630296000000,BTCUSD,47151.91
1630209600000,BTCUSD,47989.58
1630123200000,BTCUSD,48267.19
1630036800000,BTCUSD,48900.01
1629950400000,BTCUSD,46845.94
1629864000000,BTCUSD,47931
1629777600000,BTCUSD,47995.78
1629691200000,BTCUSD,49350
1629604800000,BTCUSD,50289.05
1629518400000,BTCUSD,48837.62
1629432000000,BTCUSD,48839.62
1629345600000,BTCUSD,47042.28
1629259200000,BTCUSD,44074.77
1629172800000,BTCUSD,45078.79
1629086400000,BTCUSD,46435.44
1629000000000,BTCUSD,47400.89
1628913600000,BTCUSD,46910.99
1628827200000,BTCUSD,47571.64
1628740800000,BTCUSD,45205.46
1628654400000,BTCUSD,45948.06
1628568000000,BTCUSD,45594.16
1628481600000,BTCUSD,45727.39
1628395200000,BTCUSD,43529.34
1628308800000,BTCUSD,44391.34
1628222400000,BTCUSD,43720
1628136000000,BTCUSD,40250.79
1628049600000,BTCUSD,39440.62
1627963200000,BTCUSD,37962.25
1627876800000,BTCUSD,38650
1627790400000,BTCUSD,39811.54
1627704000000,BTCUSD,42461.13
1627617600000,BTCUSD,41840.36
1627531200000,BTCUSD,39982.79
1627444800000,BTCUSD,39638.77
1627358400000,BTCUSD,39848.44
1627272000000,BTCUSD,36851.52
1627185600000,BTCUSD,38312.57
1627099200000,BTCUSD,34192.14
1627012800000,BTCUSD,33689.58
1626926400000,BTCUSD,32598.43
1626840000000,BTCUSD,31947.52
1626753600000,BTCUSD,29853.86
1626667200000,BTCUSD,29605.35
1626580800000,BTCUSD,31547.22
1626494400000,BTCUSD,32169.82
1626408000000,BTCUSD,31313.83
1626321600000,BTCUSD,31924.93
1626235200000,BTCUSD,32671.54
1626148800000,BTCUSD,31853.69
1626062400000,BTCUSD,33087.26
1625976000000,BTCUSD,34452.39
1625889600000,BTCUSD,33420.84
1625803200000,BTCUSD,33799.81
1625716800000,BTCUSD,32954.75
1625630400000,BTCUSD,33337
1625544000000,BTCUSD,34465.35
1625457600000,BTCUSD,33942.22
1625371200000,BTCUSD,34360.84
1625284800000,BTCUSD,34670
1625198400000,BTCUSD,33540.48
1625112000000,BTCUSD,32933.44
1625025600000,BTCUSD,34132.04
1624939200000,BTCUSD,35095.44
1624852800000,BTCUSD,34591.62
1624766400000,BTCUSD,34388.62
1624680000000,BTCUSD,33149.18
1624593600000,BTCUSD,31983.86
1624507200000,BTCUSD,35100
1624420800000,BTCUSD,32606.96
1624334400000,BTCUSD,33992.88
1624248000000,BTCUSD,33029.77
1624161600000,BTCUSD,34629.88
1624075200000,BTCUSD,35520.66
1623988800000,BTCUSD,35129.23
1623902400000,BTCUSD,37938.2
1623816000000,BTCUSD,38875
1623729600000,BTCUSD,40043.69
1623643200000,BTCUSD,40429.38
1623556800000,BTCUSD,38988.5
1623470400000,BTCUSD,34877.3
1623384000000,BTCUSD,35591.29
1623297600000,BTCUSD,36784.37
1623211200000,BTCUSD,36982.83
1623124800000,BTCUSD,32898.06
1623038400000,BTCUSD,32843.15
1622952000000,BTCUSD,36397.5
1622865600000,BTCUSD,36025.16
1622779200000,BTCUSD,37419.82
1622692800000,BTCUSD,37963.61
1622606400000,BTCUSD,37655.54
1622520000000,BTCUSD,36483.57
1622433600000,BTCUSD,36702.88
1622347200000,BTCUSD,34536.71
1622260800000,BTCUSD,34805.29
1622174400000,BTCUSD,36503.31
1622088000000,BTCUSD,38271.59
1622001600000,BTCUSD,37672.47
1621915200000,BTCUSD,39572.33
1621828800000,BTCUSD,38388.09
1621742400000,BTCUSD,35318.86
1621656000000,BTCUSD,37484.18
1621569600000,BTCUSD,36963.52
1621483200000,BTCUSD,40773.52
1621396800000,BTCUSD,38411.14
1621310400000,BTCUSD,40570.98
1621224000000,BTCUSD,44824.75
1621137600000,BTCUSD,42902.09
1621051200000,BTCUSD,48383.6
1620964800000,BTCUSD,49670.85
1620878400000,BTCUSD,49221.07
1620792000000,BTCUSD,50493.11
1620705600000,BTCUSD,57820
1620619200000,BTCUSD,55194.75
1620532800000,BTCUSD,59407.78
1620446400000,BTCUSD,58545.16
1620360000000,BTCUSD,58187.76
1620273600000,BTCUSD,55762.28
1620187200000,BTCUSD,56900.44
1620100800000,BTCUSD,54832.2
1620014400000,BTCUSD,55511.37
1619928000000,BTCUSD,57970.74
1619841600000,BTCUSD,56547.4
1619755200000,BTCUSD,58272.25
1619668800000,BTCUSD,53750.01
1619582400000,BTCUSD,54312.41
1619496000000,BTCUSD,54883.25
1619409600000,BTCUSD,53531.94
1619323200000,BTCUSD,52435.9
1619236800000,BTCUSD,49721.97
1619150400000,BTCUSD,50195.42
1619064000000,BTCUSD,50329.66
1618977600000,BTCUSD,53508.08
1618891200000,BTCUSD,55255.57
1618804800000,BTCUSD,54586.65
1618718400000,BTCUSD,57175.61
1618632000000,BTCUSD,55992.97
1618545600000,BTCUSD,62450
1618459200000,BTCUSD,62998.68
1618372800000,BTCUSD,63063.72
1618286400000,BTCUSD,63773.18
1618200000000,BTCUSD,60415.91
1618113600000,BTCUSD,60325.66
1618027200000,BTCUSD,60240.83
1617940800000,BTCUSD,59160
1617854400000,BTCUSD,58014.19
1617768000000,BTCUSD,56559.59
1617681600000,BTCUSD,57934.16
1617595200000,BTCUSD,58638.14
1617508800000,BTCUSD,57479.64
1617422400000,BTCUSD,57557.71
1617336000000,BTCUSD,59251.04
1617249600000,BTCUSD,59800
1617163200000,BTCUSD,59143.58
1617076800000,BTCUSD,58621.67
1616990400000,BTCUSD,57155.81
1616904000000,BTCUSD,55351
1616817600000,BTCUSD,56094.03
1616731200000,BTCUSD,54804.02
1616644800000,BTCUSD,52450.8
1616558400000,BTCUSD,52152.85
1616472000000,BTCUSD,54375.12
1616385600000,BTCUSD,54710.81
1616299200000,BTCUSD,57551.47
1616212800000,BTCUSD,57833.32
1616126400000,BTCUSD,58428.9
1616040000000,BTCUSD,57793.71
1615953600000,BTCUSD,58687.36
1615867200000,BTCUSD,55548.73
1615780800000,BTCUSD,54255.04
1615694400000,BTCUSD,60362.18
1615608000000,BTCUSD,61354.75
1615521600000,BTCUSD,56705.84
1615435200000,BTCUSD,57111.63
1615348800000,BTCUSD,55971.68
1615262400000,BTCUSD,53466.19
1615176000000,BTCUSD,53931.34
1615089600000,BTCUSD,50591.21
1615003200000,BTCUSD,49610.32
1614916800000,BTCUSD,48648.76
1614830400000,BTCUSD,47339.92
1614744000000,BTCUSD,49597.23
1614657600000,BTCUSD,48749.78
1614571200000,BTCUSD,49023.76
1614484800000,BTCUSD,46408.05
1614398400000,BTCUSD,44673.36
1614312000000,BTCUSD,47440
1614225600000,BTCUSD,47360.43
1614139200000,BTCUSD,50266.89
1614052800000,BTCUSD,50965.74
1613966400000,BTCUSD,51847.25
1613880000000,BTCUSD,55914.43
1613793600000,BTCUSD,56541.2
1613707200000,BTCUSD,55761.1
1613620800000,BTCUSD,51241.23
1613534400000,BTCUSD,52068.01
1613448000000,BTCUSD,49649.93
1613361600000,BTCUSD,49587.2
1613275200000,BTCUSD,47185.29
1613188800000,BTCUSD,47381.8
1613102400000,BTCUSD,47938.87
1613016000000,BTCUSD,47624.29
1612929600000,BTCUSD,45513.94
1612843200000,BTCUSD,46309.88
1612756800000,BTCUSD,46653.5
1612670400000,BTCUSD,38107.34
1612584000000,BTCUSD,38897.95
1612497600000,BTCUSD,39415.76
1612411200000,BTCUSD,37380.18
1612324800000,BTCUSD,37551.56
1612238400000,BTCUSD,36467.28
1612152000000,BTCUSD,33589.89
1612065600000,BTCUSD,33608.78
1611979200000,BTCUSD,33949.79
1611892800000,BTCUSD,33289.13
1611806400000,BTCUSD,33864.01
1611720000000,BTCUSD,31514.54
1611633600000,BTCUSD,31852.6
1611547200000,BTCUSD,31557.64
1611460800000,BTCUSD,33585.44
1611374400000,BTCUSD,32500
1611288000000,BTCUSD,32393.63
1611201600000,BTCUSD,30943.32
1611115200000,BTCUSD,34603.74
1611028800000,BTCUSD,35075.53
1610942400000,BTCUSD,36509.42
1610856000000,BTCUSD,35089.93
1610769600000,BTCUSD,36215.22
1610683200000,BTCUSD,36549.31
1610596800000,BTCUSD,38706.52
1610510400000,BTCUSD,37040.7
1610424000000,BTCUSD,33804.23
1610337600000,BTCUSD,35000
1610251200000,BTCUSD,35435.13
1610164800000,BTCUSD,40490.5
1610078400000,BTCUSD,40279.03
1609992000000,BTCUSD,38474.78
1609905600000,BTCUSD,37613.11
1609819200000,BTCUSD,34228.19
1609732800000,BTCUSD,31203.46
1609646400000,BTCUSD,33617.3
1609560000000,BTCUSD,32637.23
1609473600000,BTCUSD,29441.14
1609387200000,BTCUSD,29363.61
1609300800000,BTCUSD,29041.41
1609214400000,BTCUSD,28036.65
1609128000000,BTCUSD,26412.52
1609041600000,BTCUSD,27279.54
1608955200000,BTCUSD,26573.88
1608868800000,BTCUSD,24930.31
1608782400000,BTCUSD,23473.44
1608696000000,BTCUSD,22883.53
1608609600000,BTCUSD,23691.25
1608523200000,BTCUSD,22858.81
1608436800000,BTCUSD,23965.15
1608350400000,BTCUSD,23381.12
1608264000000,BTCUSD,23140.58
1608177600000,BTCUSD,22840
1608091200000,BTCUSD,21767.47
1608004800000,BTCUSD,19365.77
1607918400000,BTCUSD,19489.05
1607832000000,BTCUSD,19268.47
1607745600000,BTCUSD,18802.37
1607659200000,BTCUSD,18293.19
1607572800000,BTCUSD,17990.3
1607486400000,BTCUSD,18406.12
1607400000000,BTCUSD,18302.24
1607313600000,BTCUSD,19164.87
1607227200000,BTCUSD,19290.65
1607140800000,BTCUSD,19202.68
1607054400000,BTCUSD,18832.19
1606968000000,BTCUSD,19182.37
1606881600000,BTCUSD,19104.23
1606795200000,BTCUSD,18625.02
1606708800000,BTCUSD,19437.03
1606622400000,BTCUSD,18600
1606536000000,BTCUSD,17910
1606449600000,BTCUSD,17007.21
1606363200000,BTCUSD,17095.85
1606276800000,BTCUSD,17947.66
1606190400000,BTCUSD,18841.7
1606104000000,BTCUSD,18366.84
1606017600000,BTCUSD,18392.92
1605931200000,BTCUSD,18580.18
1605844800000,BTCUSD,18700.59
1605758400000,BTCUSD,17957.99
1605672000000,BTCUSD,17939.06
1605585600000,BTCUSD,18052.8
1605499200000,BTCUSD,16597.83
1605412800000,BTCUSD,16022.21
1605326400000,BTCUSD,15951.09
1605240000000,BTCUSD,16201.46
1605153600000,BTCUSD,16455.32
1605067200000,BTCUSD,15667.92
1604980800000,BTCUSD,15420.93
1604894400000,BTCUSD,15357.46
1604808000000,BTCUSD,15461.22
1604721600000,BTCUSD,14989
1604635200000,BTCUSD,15579.19
1604548800000,BTCUSD,15463.93
1604462400000,BTCUSD,14336.09
1604376000000,BTCUSD,13918.7
1604289600000,BTCUSD,13409.22
1604203200000,BTCUSD,13714.71
1604116800000,BTCUSD,13707.8
1604030400000,BTCUSD,13510.63
1603944000000,BTCUSD,13449.48
1603857600000,BTCUSD,13294.27
1603771200000,BTCUSD,13803
1603684800000,BTCUSD,13092.12
1603598400000,BTCUSD,13109.29
1603512000000,BTCUSD,13308.71
1603425600000,BTCUSD,12988.35
1603339200000,BTCUSD,12983.1
1603252800000,BTCUSD,12745.04
1603166400000,BTCUSD,12202.19
1603080000000,BTCUSD,11746.01
1602993600000,BTCUSD,11426.09
1602907200000,BTCUSD,11378.23
1602820800000,BTCUSD,11372.39
1602734400000,BTCUSD,11514.22
1602648000000,BTCUSD,11385.71
1602561600000,BTCUSD,11400
1602475200000,BTCUSD,11460.05
1602388800000,BTCUSD,11392.64
1602302400000,BTCUSD,11338.97
1602216000000,BTCUSD,11411.07
1602129600000,BTCUSD,10893.63
1602043200000,BTCUSD,10649.71
1601956800000,BTCUSD,10582.74
1601870400000,BTCUSD,10773.28
1601784000000,BTCUSD,10672.37
1601697600000,BTCUSD,10555.06
1601611200000,BTCUSD,10556.56
1601524800000,BTCUSD,10640.95
1601438400000,BTCUSD,10802.58
1601352000000,BTCUSD,10750.01
1601265600000,BTCUSD,10688.15
1601179200000,BTCUSD,10894.13
1601092800000,BTCUSD,10787.07
1601006400000,BTCUSD,10712.07
1600920000000,BTCUSD,10671.04
1600833600000,BTCUSD,10302.43
1600747200000,BTCUSD,10484.6
1600660800000,BTCUSD,10459.33
1600574400000,BTCUSD,10966.22
1600488000000,BTCUSD,10947.97
1600401600000,BTCUSD,10978.68
1600315200000,BTCUSD,10935.43
1600228800000,BTCUSD,10872.99
1600142400000,BTCUSD,10778.31
1600056000000,BTCUSD,10761.95
1599969600000,BTCUSD,10363.86
1599883200000,BTCUSD,10561.09
1599796800000,BTCUSD,10349.41
1599710400000,BTCUSD,10229.56
1599624000000,BTCUSD,10382.57
1599537600000,BTCUSD,10027.59
1599451200000,BTCUSD,10306.55
1599364800000,BTCUSD,10209.95
1599278400000,BTCUSD,10176.76
1599192000000,BTCUSD,10412.23
1599105600000,BTCUSD,10292.3
1599019200000,BTCUSD,11372.36
1598932800000,BTCUSD,11843.67
1598846400000,BTCUSD,11700.34
1598760000000,BTCUSD,11684.13
1598673600000,BTCUSD,11615.75
1598587200000,BTCUSD,11509.36
1598500800000,BTCUSD,11381.24
1598414400000,BTCUSD,11393.67
1598328000000,BTCUSD,11367.78
1598241600000,BTCUSD,11673.96
1598155200000,BTCUSD,11682.41
1598068800000,BTCUSD,11610.61
1597982400000,BTCUSD,11476.51
1597896000000,BTCUSD,11868.71
1597809600000,BTCUSD,11709.74
1597723200000,BTCUSD,11842.01
1597636800000,BTCUSD,12319.38
1597550400000,BTCUSD,11850.89
1597464000000,BTCUSD,11931.31
1597377600000,BTCUSD,11904.01
1597291200000,BTCUSD,11749.18
1597204800000,BTCUSD,11577.47
1597118400000,BTCUSD,11370
1597032000000,BTCUSD,11840.01
1596945600000,BTCUSD,12040.15
1596859200000,BTCUSD,11751.25
1596772800000,BTCUSD,11564.69
1596686400000,BTCUSD,11840.01
1596600000000,BTCUSD,11668.82
1596513600000,BTCUSD,11249.4
1596427200000,BTCUSD,11266.38
1596340800000,BTCUSD,11126.07
1596254400000,BTCUSD,12013.1
1596168000000,BTCUSD,11374.67
1596081600000,BTCUSD,10992.36
1595995200000,BTCUSD,11014.93
1595908800000,BTCUSD,10978.28
1595822400000,BTCUSD,10987.18
1595736000000,BTCUSD,10264.64
1595649600000,BTCUSD,9690.92
1595563200000,BTCUSD,9595.08
1595476800000,BTCUSD,9574.13
1595390400000,BTCUSD,9511.62
1595304000000,BTCUSD,9368.93
1595217600000,BTCUSD,9182.44
1595131200000,BTCUSD,9194.56
1595044800000,BTCUSD,9160.1
1594958400000,BTCUSD,9142.64
1594872000000,BTCUSD,9113.55
1594785600000,BTCUSD,9197.6
1594699200000,BTCUSD,9235.59
1594612800000,BTCUSD,9215.14
1594526400000,BTCUSD,9272.81
1594440000000,BTCUSD,9279.06
1594353600000,BTCUSD,9267.7
1594267200000,BTCUSD,9219.22
1594180800000,BTCUSD,9390.93
1594094400000,BTCUSD,9303.98
1594008000000,BTCUSD,9301.44
1593921600000,BTCUSD,9095.07
1593835200000,BTCUSD,9132.43
1593748800000,BTCUSD,9088.22
1593662400000,BTCUSD,9091
1593576000000,BTCUSD,9243.71
1593489600000,BTCUSD,9138.14
1593403200000,BTCUSD,9163.46
1593316800000,BTCUSD,9095.03
1593230400000,BTCUSD,8968.46
1593144000000,BTCUSD,9152.19
1593057600000,BTCUSD,9234.9
1592971200000,BTCUSD,9081.56
1592884800000,BTCUSD,9647.69
1592798400000,BTCUSD,9657
1592712000000,BTCUSD,9377.5
1592625600000,BTCUSD,9369.97
1592539200000,BTCUSD,9322.18
1592452800000,BTCUSD,9264.76
1592366400000,BTCUSD,9422.55
1592280000000,BTCUSD,9449.29
1592193600000,BTCUSD,9564.41
1592107200000,BTCUSD,9147.94
1592020800000,BTCUSD,9431.18
1591934400000,BTCUSD,9411.45
1591848000000,BTCUSD,9349.62
1591761600000,BTCUSD,9891.06
1591675200000,BTCUSD,9757.9
1591588800000,BTCUSD,9682.47
1591502400000,BTCUSD,9727.5
1591416000000,BTCUSD,9686.14
1591329600000,BTCUSD,9629.73
1591243200000,BTCUSD,9801.22
1591156800000,BTCUSD,9673.24
1591070400000,BTCUSD,9490.86
1590984000000,BTCUSD,10101
1590897600000,BTCUSD,9548.6
1590811200000,BTCUSD,9585.16
1590724800000,BTCUSD,9387.92
1590638400000,BTCUSD,9515.67
1590552000000,BTCUSD,9167.35
1590465600000,BTCUSD,8825.24
1590379200000,BTCUSD,8898.77
1590292800000,BTCUSD,8786.3
1590206400000,BTCUSD,9205.97
1590120000000,BTCUSD,9287.48
1590033600000,BTCUSD,8980.03
1589947200000,BTCUSD,9465.2
1589860800000,BTCUSD,9722.01
1589774400000,BTCUSD,9518.31
1589688000000,BTCUSD,9859.74
1589601600000,BTCUSD,9543.68
1589515200000,BTCUSD,9432.45
1589428800000,BTCUSD,9491.62
1589342400000,BTCUSD,9359.71
1589256000000,BTCUSD,8917.17
1589169600000,BTCUSD,8723.37
1589083200000,BTCUSD,8705.73
1588996800000,BTCUSD,8641.42
1588910400000,BTCUSD,9874.08
1588824000000,BTCUSD,9944.62
1588737600000,BTCUSD,9303.28
1588651200000,BTCUSD,8981.5
1588564800000,BTCUSD,8866.02
1588478400000,BTCUSD,8733.73
1588392000000,BTCUSD,9144.68
1588305600000,BTCUSD,8838.82
1588219200000,BTCUSD,8670
1588132800000,BTCUSD,9303
1588046400000,BTCUSD,7828.44
1587960000000,BTCUSD,7719.16
1587873600000,BTCUSD,7740.35
1587787200000,BTCUSD,7575.1
1587700800000,BTCUSD,7531.4
1587614400000,BTCUSD,7531.48
1587528000000,BTCUSD,7126.88
1587441600000,BTCUSD,6876.85
1587355200000,BTCUSD,6868.43
1587268800000,BTCUSD,7180.39
1587182400000,BTCUSD,7247.14
1587096000000,BTCUSD,7104.85
1587009600000,BTCUSD,7095.71
1586923200000,BTCUSD,6661.49
1586836800000,BTCUSD,6911.93
1586750400000,BTCUSD,6903.82
1586664000000,BTCUSD,6688.22
1586577600000,BTCUSD,6819.05
1586491200000,BTCUSD,6922.02
1586404800000,BTCUSD,7181.24
1586318400000,BTCUSD,7291.99
1586232000000,BTCUSD,7355.98
1586145600000,BTCUSD,7329.68
1586059200000,BTCUSD,6848.94
1585972800000,BTCUSD,6802.53
1585886400000,BTCUSD,6702.98
1585800000000,BTCUSD,6787.4
1585713600000,BTCUSD,6623.92
1585627200000,BTCUSD,6383.69
1585540800000,BTCUSD,6450
1585454400000,BTCUSD,6011.5
1585368000000,BTCUSD,6219.79
1585281600000,BTCUSD,6127.86
1585195200000,BTCUSD,6821.95
1585108800000,BTCUSD,6747.55
1585022400000,BTCUSD,6577.72
1584936000000,BTCUSD,6560.95
1584849600000,BTCUSD,5963.72
1584763200000,BTCUSD,6362.46
1584676800000,BTCUSD,6262.57
1584590400000,BTCUSD,6169
1584504000000,BTCUSD,5305
1584417600000,BTCUSD,5415.14
1584331200000,BTCUSD,5347.41
1584244800000,BTCUSD,5258.08
1584158400000,BTCUSD,5168.42
1584072000000,BTCUSD,5607.46
1583985600000,BTCUSD,5301.14
1583899200000,BTCUSD,7656.57
1583812800000,BTCUSD,7926
1583726400000,BTCUSD,7908.79
1583640000000,BTCUSD,8074.97
1583553600000,BTCUSD,8757.45
1583467200000,BTCUSD,9120
1583380800000,BTCUSD,9049.04
1583294400000,BTCUSD,8882.25
1583208000000,BTCUSD,8787.27
1583121600000,BTCUSD,8877.81
1583035200000,BTCUSD,8605.01
1582948800000,BTCUSD,8619.7
1582862400000,BTCUSD,8729.6
1582776000000,BTCUSD,8846
1582689600000,BTCUSD,8731.04
1582603200000,BTCUSD,9150
1582516800000,BTCUSD,9592.16
1582430400000,BTCUSD,9786.57
1582344000000,BTCUSD,9797.42
1582257600000,BTCUSD,9685.45
1582171200000,BTCUSD,9718.52
1582084800000,BTCUSD,9576.75
1581998400000,BTCUSD,10167.73
1581912000000,BTCUSD,9729.09
1581825600000,BTCUSD,9827.28
1581739200000,BTCUSD,10009.32
1581652800000,BTCUSD,10275.98
1581566400000,BTCUSD,10250
1581480000000,BTCUSD,10407.84
1581393600000,BTCUSD,10299.99
1581307200000,BTCUSD,9724.18
1581220800000,BTCUSD,10078.82
1581134400000,BTCUSD,10050
1581048000000,BTCUSD,9709.11
1580961600000,BTCUSD,9768.85
1580875200000,BTCUSD,9634.97
1580788800000,BTCUSD,9207.78
1580702400000,BTCUSD,9274.75
1580616000000,BTCUSD,9362.03
1580529600000,BTCUSD,9253.55
1580443200000,BTCUSD,9417.47
1580356800000,BTCUSD,9420.01
1580270400000,BTCUSD,9253
1580184000000,BTCUSD,9338.25
1580097600000,BTCUSD,9095.48
1580011200000,BTCUSD,8647.99
1579924800000,BTCUSD,8346.01
1579838400000,BTCUSD,8286.66
1579752000000,BTCUSD,8310.2
1579665600000,BTCUSD,8559.71
1579579200000,BTCUSD,8697.93
1579492800000,BTCUSD,8652.38
1579406400000,BTCUSD,8647.68
1579320000000,BTCUSD,9141
1579233600000,BTCUSD,8914.92
1579147200000,BTCUSD,8774.03
1579060800000,BTCUSD,8636.53
1578974400000,BTCUSD,8727.32
1578888000000,BTCUSD,8467.57
1578801600000,BTCUSD,8100.01
1578715200000,BTCUSD,8086.45
1578628800000,BTCUSD,8160.66
1578542400000,BTCUSD,7804
1578456000000,BTCUSD,7941.96
1578369600000,BTCUSD,8301.6
1578283200000,BTCUSD,7899.33
1578196800000,BTCUSD,7535.91
1578110400000,BTCUSD,7468.87
1578024000000,BTCUSD,7328.98
1577937600000,BTCUSD,6930.1
1577851200000,BTCUSD,7100.02
1577764800000,BTCUSD,7199.04
1577678400000,BTCUSD,7210.56
1577592000000,BTCUSD,7340.05
1577505600000,BTCUSD,7298.01
1577419200000,BTCUSD,7276.81
1577332800000,BTCUSD,7209.32
1577246400000,BTCUSD,7173.62
1577160000000,BTCUSD,7231.26
1577073600000,BTCUSD,7312.65
1576987200000,BTCUSD,7601.16
1576900800000,BTCUSD,7140.94
1576814400000,BTCUSD,7165.18
1576728000000,BTCUSD,7168.49
1576641600000,BTCUSD,7168.49
1576555200000,BTCUSD,6682.33
1576468800000,BTCUSD,7065.45
1576382400000,BTCUSD,7065.45
1576296000000,BTCUSD,7048.99
1576209600000,BTCUSD,7249.48
1576123200000,BTCUSD,7154.82
1576036800000,BTCUSD,7154.82
1575950400000,BTCUSD,7206.77
1575864000000,BTCUSD,7376.76
1575777600000,BTCUSD,7517.82
1575691200000,BTCUSD,7415.16
1575604800000,BTCUSD,7546.35
1575518400000,BTCUSD,7215.49
1575432000000,BTCUSD,7215.49
1575345600000,BTCUSD,7153.72
1575259200000,BTCUSD,7359.65
1575172800000,BTCUSD,7365.28
1575086400000,BTCUSD,7295.55
1575000000000,BTCUSD,7748.26
1574913600000,BTCUSD,7492.85
1574827200000,BTCUSD,7507.18
1574740800000,BTCUSD,7073.3
1574654400000,BTCUSD,7241.86
1574568000000,BTCUSD,6682.52
1574481600000,BTCUSD,7227.12
1574395200000,BTCUSD,7292.6
1574308800000,BTCUSD,8106.03
1574222400000,BTCUSD,8106.03
1574136000000,BTCUSD,8136.38
1574049600000,BTCUSD,8136.38
1573963200000,BTCUSD,8477.41
1573876800000,BTCUSD,8474.64
1573790400000,BTCUSD,8452.68
1573704000000,BTCUSD,8538.52
1573617600000,BTCUSD,8756.62
1573531200000,BTCUSD,8730
1573444800000,BTCUSD,8730
1573358400000,BTCUSD,9012.01
1573272000000,BTCUSD,8767.29
1573185600000,BTCUSD,8822.15
1573099200000,BTCUSD,9229.83
1573012800000,BTCUSD,9295.62
1572926400000,BTCUSD,9317.56
1572840000000,BTCUSD,9423.5
1572753600000,BTCUSD,9153.97
1572667200000,BTCUSD,9346.57
1572580800000,BTCUSD,9260.94
1572494400000,BTCUSD,9086.98
1572408000000,BTCUSD,9109.13
1572321600000,BTCUSD,9287.96
1572235200000,BTCUSD,9302.2
1572148800000,BTCUSD,9637.32
1572062400000,BTCUSD,9175
1571976000000,BTCUSD,9600
1571889600000,BTCUSD,7420.27
1571803200000,BTCUSD,7420.27
1571716800000,BTCUSD,7957.67
1571630400000,BTCUSD,8219.16
1571544000000,BTCUSD,8233.71
1571457600000,BTCUSD,7914.32
1571371200000,BTCUSD,7952.75
1571284800000,BTCUSD,8071.61
1571198400000,BTCUSD,7970.35
1571112000000,BTCUSD,8157.99
1571025600000,BTCUSD,8319.15
1570939200000,BTCUSD,8293
1570852800000,BTCUSD,8341.87
1570766400000,BTCUSD,8318.12
1570680000000,BTCUSD,8578.48
1570593600000,BTCUSD,8569.02
1570507200000,BTCUSD,8130.38
1570420800000,BTCUSD,8279.66
1570334400000,BTCUSD,7874.02
1570248000000,BTCUSD,8064.95
1570161600000,BTCUSD,8147.95
1570075200000,BTCUSD,8346.13
1569988800000,BTCUSD,8346.13
1569902400000,BTCUSD,8284.42
1569816000000,BTCUSD,8425.8
1569729600000,BTCUSD,7978.82
1569643200000,BTCUSD,8142.51
1569556800000,BTCUSD,8184.56
1569470400000,BTCUSD,8017.77
1569384000000,BTCUSD,8368.01
1569297600000,BTCUSD,8580
1569211200000,BTCUSD,9705.64
1569124800000,BTCUSD,9974.22
1569038400000,BTCUSD,9875.08
1568952000000,BTCUSD,10129.84
1568865600000,BTCUSD,9814.55
1568779200000,BTCUSD,9814.55
1568692800000,BTCUSD,10213.55
1568606400000,BTCUSD,10250
1568520000000,BTCUSD,10316.55
1568433600000,BTCUSD,10330.06
1568347200000,BTCUSD,10313
1568260800000,BTCUSD,10393.16
1568174400000,BTCUSD,10110.81
1568088000000,BTCUSD,10083.83
1568001600000,BTCUSD,10311.07
1567915200000,BTCUSD,10307.94
1567828800000,BTCUSD,10566.01
1567742400000,BTCUSD,10346.12
1567656000000,BTCUSD,10664.47
1567569600000,BTCUSD,10574.37
1567483200000,BTCUSD,10630.07
1567396800000,BTCUSD,10419.11
1567310400000,BTCUSD,9771.76
1567224000000,BTCUSD,9633.77
1567137600000,BTCUSD,9620.09
1567051200000,BTCUSD,9462.64
1566964800000,BTCUSD,9589.71
1566878400000,BTCUSD,10088.32
1566792000000,BTCUSD,10181.39
1566705600000,BTCUSD,10296.6
1566619200000,BTCUSD,10142.12
1566532800000,BTCUSD,10362.35
1566446400000,BTCUSD,10153.83
1566360000000,BTCUSD,9868.46
1566273600000,BTCUSD,10296.58
1566187200000,BTCUSD,10792.92
1566100800000,BTCUSD,10409.68
1566014400000,BTCUSD,10116.2
1565928000000,BTCUSD,10306.38
1565841600000,BTCUSD,10317.24
1565755200000,BTCUSD,9815.49
1565668800000,BTCUSD,10601.91
1565582400000,BTCUSD,11375
1565496000000,BTCUSD,11429.93
1565409600000,BTCUSD,11372.66
1565323200000,BTCUSD,11831.73
1565236800000,BTCUSD,11856.76
1565150400000,BTCUSD,11942
1565064000000,BTCUSD,11620
1564977600000,BTCUSD,11665.47
1564891200000,BTCUSD,11589.84
1564804800000,BTCUSD,10775.01
1564718400000,BTCUSD,10790.16
1564632000000,BTCUSD,10351.99
1564545600000,BTCUSD,10020.96
1564459200000,BTCUSD,9689.92
1564372800000,BTCUSD,9424.51
1564286400000,BTCUSD,9622.65
1564200000000,BTCUSD,9466.06
1564113600000,BTCUSD,10131.2
1564027200000,BTCUSD,9708.52
1563940800000,BTCUSD,10121.72
1563854400000,BTCUSD,9636.47
1563768000000,BTCUSD,10234.12
1563681600000,BTCUSD,10626.59
1563595200000,BTCUSD,10596.18
1563508800000,BTCUSD,10533.46
1563422400000,BTCUSD,10599.42
1563336000000,BTCUSD,9734.49
1563249600000,BTCUSD,9411.77
1563163200000,BTCUSD,10727.8
1563076800000,BTCUSD,10258.63
1562990400000,BTCUSD,11300.52
1562904000000,BTCUSD,11631.13
1562817600000,BTCUSD,11190.12
1562731200000,BTCUSD,11701
1562644800000,BTCUSD,12982.8
1562558400000,BTCUSD,12679.69
1562472000000,BTCUSD,11426.5
1562385600000,BTCUSD,11148.88
1562299200000,BTCUSD,11520.39
1562212800000,BTCUSD,11134.01
1562126400000,BTCUSD,11900
1562040000000,BTCUSD,11320.35
1561953600000,BTCUSD,10451.1
1561867200000,BTCUSD,11076.99
1561780800000,BTCUSD,12118.22
1561694400000,BTCUSD,11462.11
1561608000000,BTCUSD,11107.27
1561521600000,BTCUSD,12818.84
1561435200000,BTCUSD,12250
1561348800000,BTCUSD,11139.05
1561262400000,BTCUSD,10652.59
1561176000000,BTCUSD,10727.38
1561089600000,BTCUSD,10590.84
1561003200000,BTCUSD,9743.4
1560916800000,BTCUSD,9335.38
1560830400000,BTCUSD,9131.12
1560744000000,BTCUSD,9270.94
1560657600000,BTCUSD,9176.51
1560571200000,BTCUSD,9005
1560484800000,BTCUSD,8640
1560398400000,BTCUSD,8209.98
1560312000000,BTCUSD,8126.23
1560225600000,BTCUSD,7993.57
1560139200000,BTCUSD,7971.16
1560052800000,BTCUSD,7666.31
1559966400000,BTCUSD,7899.5
1559880000000,BTCUSD,7954.01
1559793600000,BTCUSD,7807.85
1559707200000,BTCUSD,7864.04
1559620800000,BTCUSD,7793.78
1559534400000,BTCUSD,7889
1559448000000,BTCUSD,8678.7
1559361600000,BTCUSD,8566.07
1559275200000,BTCUSD,8552.05
1559188800000,BTCUSD,8270
1559102400000,BTCUSD,8697.22
1559016000000,BTCUSD,8642.2
1558929600000,BTCUSD,8794.15
1558843200000,BTCUSD,8777.03
1558756800000,BTCUSD,8011.2
1558670400000,BTCUSD,8012
1558584000000,BTCUSD,7877.36
1558497600000,BTCUSD,7671.41
1558411200000,BTCUSD,7934.14
1558324800000,BTCUSD,7935.21
1558238400000,BTCUSD,8056.93
1558152000000,BTCUSD,7949.2
1558065600000,BTCUSD,7388.93
1557979200000,BTCUSD,7295.47
1557892800000,BTCUSD,8247.34
1557806400000,BTCUSD,8057.12
1557720000000,BTCUSD,7973.21
1557633600000,BTCUSD,7009.43
1557547200000,BTCUSD,7153.05
1557460800000,BTCUSD,6554.27
1557374400000,BTCUSD,6281.32
1557288000000,BTCUSD,6038.48
1557201600000,BTCUSD,5783.46
1557115200000,BTCUSD,5889.08
1557028800000,BTCUSD,5628.8
1556942400000,BTCUSD,5762.35
1556856000000,BTCUSD,5738.95
1556769600000,BTCUSD,5464.33
1556683200000,BTCUSD,5330.5
1556596800000,BTCUSD,5316.97
1556510400000,BTCUSD,5153.63
1556424000000,BTCUSD,5176.38
1556337600000,BTCUSD,5175
1556251200000,BTCUSD,5147.94
1556164800000,BTCUSD,5205.05
1556078400000,BTCUSD,5438.64
1555992000000,BTCUSD,5576.99
1555905600000,BTCUSD,5433.01
1555819200000,BTCUSD,5262.39
1555732800000,BTCUSD,5334.33
1555646400000,BTCUSD,5306
1555560000000,BTCUSD,5231.87
1555473600000,BTCUSD,5273.99
1555387200000,BTCUSD,5230
1555300800000,BTCUSD,5055.08
1555214400000,BTCUSD,5161.4
1555128000000,BTCUSD,5056.54
1555041600000,BTCUSD,5110.99
1554955200000,BTCUSD,5026.54
1554868800000,BTCUSD,5195.41
1554782400000,BTCUSD,5223.45
1554696000000,BTCUSD,5240.82
1554609600000,BTCUSD,5250
1554523200000,BTCUSD,5126.6
1554436800000,BTCUSD,5003.89
1554350400000,BTCUSD,4896.13
1554264000000,BTCUSD,4968.09
1554177600000,BTCUSD,5055
1554091200000,BTCUSD,4175.91
1554004800000,BTCUSD,4130.21
1553918400000,BTCUSD,4084.4
1553832000000,BTCUSD,4088.03
1553745600000,BTCUSD,4023.05
1553659200000,BTCUSD,4004.04
1553572800000,BTCUSD,3976.53
1553486400000,BTCUSD,3912.29
1553400000000,BTCUSD,3977.07
1553313600000,BTCUSD,3969.77
1553227200000,BTCUSD,3996.5
1553140800000,BTCUSD,3975.06
1553054400000,BTCUSD,4030.64
1552968000000,BTCUSD,3976.4
1552881600000,BTCUSD,3975.98
1552795200000,BTCUSD,3986.91
1552708800000,BTCUSD,3956.31
1552622400000,BTCUSD,3954.68
1552536000000,BTCUSD,3859.61
1552449600000,BTCUSD,3851.21
1552363200000,BTCUSD,3868.99
1552276800000,BTCUSD,3808.53
1552190400000,BTCUSD,3908.34
1552104000000,BTCUSD,3902.74
1552017600000,BTCUSD,3854.39
1551931200000,BTCUSD,3854.94
1551844800000,BTCUSD,3872.41
1551758400000,BTCUSD,3815.83
1551672000000,BTCUSD,3696.76
1551585600000,BTCUSD,3782.93
1551499200000,BTCUSD,3810.32
1551412800000,BTCUSD,3817.51
1551326400000,BTCUSD,3804.83
1551240000000,BTCUSD,3800.68
1551153600000,BTCUSD,3801.69
1551067200000,BTCUSD,3825.76
1550980800000,BTCUSD,3778.81
1550894400000,BTCUSD,4161.07
1550808000000,BTCUSD,3944.14
1550721600000,BTCUSD,3913.81
1550635200000,BTCUSD,3942.42
1550548800000,BTCUSD,3894.14
1550462400000,BTCUSD,3866
1550376000000,BTCUSD,3688.93
1550289600000,BTCUSD,3589.18
1550203200000,BTCUSD,3586.96
1550116800000,BTCUSD,3574.21
1550030400000,BTCUSD,3572.79
1549944000000,BTCUSD,3598.01
1549857600000,BTCUSD,3573.57
1549771200000,BTCUSD,3594.48
1549684800000,BTCUSD,3616.3
1549598400000,BTCUSD,3607.63
1549512000000,BTCUSD,3361.55
1549425600000,BTCUSD,3374.42
1549339200000,BTCUSD,3377.88
1549252800000,BTCUSD,3412.41
1549166400000,BTCUSD,3413.3
1549080000000,BTCUSD,3444.92
1548993600000,BTCUSD,3440
1548907200000,BTCUSD,3395.34
1548820800000,BTCUSD,3448.33
1548734400000,BTCUSD,3403.56
1548648000000,BTCUSD,3408
1548561600000,BTCUSD,3469.88
1548475200000,BTCUSD,3562.47
1548388800000,BTCUSD,3572
1548302400000,BTCUSD,3570.03
1548216000000,BTCUSD,3535.59
1548129600000,BTCUSD,3582.22
1548043200000,BTCUSD,3535.02
1547956800000,BTCUSD,3536.43
1547870400000,BTCUSD,3697.44
1547784000000,BTCUSD,3623.95
1547697600000,BTCUSD,3625.92
1547611200000,BTCUSD,3585.63
1547524800000,BTCUSD,3594.78
1547438400000,BTCUSD,3669.3
1547352000000,BTCUSD,3520.25
1547265600000,BTCUSD,3624.83
1547179200000,BTCUSD,3641.07
1547092800000,BTCUSD,3620.94
1547006400000,BTCUSD,4013
1546920000000,BTCUSD,4019.51
1546833600000,BTCUSD,3980.8
1546747200000,BTCUSD,4034.17
1546660800000,BTCUSD,3797.24
1546574400000,BTCUSD,3841.42
1546488000000,BTCUSD,3796.54
1546401600000,BTCUSD,3871.75
1546315200000,BTCUSD,3796.26
1546228800000,BTCUSD,3683.69
1546142400000,BTCUSD,3784.93
1546056000000,BTCUSD,3734.9
1545969600000,BTCUSD,3884.25
1545883200000,BTCUSD,3598.01
1545796800000,BTCUSD,3738.44
1545710400000,BTCUSD,3834.03
1545624000000,BTCUSD,3736.31
1545537600000,BTCUSD,4175
1545451200000,BTCUSD,4006.69
1545364800000,BTCUSD,3821.27
1545278400000,BTCUSD,4042.87
1545192000000,BTCUSD,3720.33
1545105600000,BTCUSD,3749.03
1545019200000,BTCUSD,3532.09
1544932800000,BTCUSD,3202.08
1544846400000,BTCUSD,3235.63
1544760000000,BTCUSD,3219.68
1544673600000,BTCUSD,3250.01
1544587200000,BTCUSD,3387.85
1544500800000,BTCUSD,3338.13
1544414400000,BTCUSD,3385.34
1544328000000,BTCUSD,3534
1544241600000,BTCUSD,3398.56
1544155200000,BTCUSD,3390.33
1544068800000,BTCUSD,3333.02
1543982400000,BTCUSD,3716.63
1543896000000,BTCUSD,3834.54
1543809600000,BTCUSD,3812.69
1543723200000,BTCUSD,3955.07
1543636800000,BTCUSD,4150.47
1543550400000,BTCUSD,3969.56
1543464000000,BTCUSD,4254
1543377600000,BTCUSD,4117.71
1543291200000,BTCUSD,3849.27
1543204800000,BTCUSD,3684.58
1543118400000,BTCUSD,3979.92
1543032000000,BTCUSD,3634.36
1542945600000,BTCUSD,4301.47
1542859200000,BTCUSD,4219.96
1542772800000,BTCUSD,4535.49
1542686400000,BTCUSD,4443.03
1542600000000,BTCUSD,4805.01
1542513600000,BTCUSD,5513.05
1542427200000,BTCUSD,5550
1542340800000,BTCUSD,5472.44
1542254400000,BTCUSD,5574
1542168000000,BTCUSD,5562.01
1542081600000,BTCUSD,6264
1541995200000,BTCUSD,6295.74
1541908800000,BTCUSD,6357.1
1541822400000,BTCUSD,6348.99
1541736000000,BTCUSD,6347.63
1541649600000,BTCUSD,6398.85
1541563200000,BTCUSD,6442.9
1541476800000,BTCUSD,6508.33
1541390400000,BTCUSD,6385.95
1541304000000,BTCUSD,6407.91
1541217600000,BTCUSD,6332.47
1541131200000,BTCUSD,6339.18
1541044800000,BTCUSD,6356.05
1540958400000,BTCUSD,6293.93
1540872000000,BTCUSD,6264.54
1540785600000,BTCUSD,6270.64
1540699200000,BTCUSD,6405.45
1540612800000,BTCUSD,6405.99
1540526400000,BTCUSD,6416.15
1540440000000,BTCUSD,6388.46
1540353600000,BTCUSD,6390.51
1540267200000,BTCUSD,6413.41
1540180800000,BTCUSD,6392.27
1540094400000,BTCUSD,6408.7
1540008000000,BTCUSD,6382.04
1539921600000,BTCUSD,6383.39
1539835200000,BTCUSD,6383.39
1539748800000,BTCUSD,6459.26
1539662400000,BTCUSD,6444.08
1539576000000,BTCUSD,6423.27
1539489600000,BTCUSD,6215.68
1539403200000,BTCUSD,6185.11
1539316800000,BTCUSD,6192.15
1539230400000,BTCUSD,6192.15
1539144000000,BTCUSD,6226.22
1539057600000,BTCUSD,6539.16
1538971200000,BTCUSD,6606.13
1538884800000,BTCUSD,6557.02
1538798400000,BTCUSD,6560
1538712000000,BTCUSD,6565.01
1538625600000,BTCUSD,6538.83
1538539200000,BTCUSD,6553.59
1538452800000,BTCUSD,6422.48
1538366400000,BTCUSD,6572
1538280000000,BTCUSD,6625.35
1538193600000,BTCUSD,6564.74
1538107200000,BTCUSD,6691.97
1538020800000,BTCUSD,6691.97
1537934400000,BTCUSD,6487.99
1537848000000,BTCUSD,6384.29
1537761600000,BTCUSD,6454.61
1537675200000,BTCUSD,6710.33
1537588800000,BTCUSD,6696.5
1537502400000,BTCUSD,6734.23
1537416000000,BTCUSD,6547.12
1537329600000,BTCUSD,6401.19
1537243200000,BTCUSD,6354.78
1537156800000,BTCUSD,6232.6
1537070400000,BTCUSD,6511.22
1536984000000,BTCUSD,6493.08
1536897600000,BTCUSD,6555
1536811200000,BTCUSD,6555
1536724800000,BTCUSD,6384.05
1536638400000,BTCUSD,6255.37
1536552000000,BTCUSD,6346.95
1536465600000,BTCUSD,6177.75
1536379200000,BTCUSD,6177.75
1536292800000,BTCUSD,6426.07
1536206400000,BTCUSD,6495.18
1536120000000,BTCUSD,6415.88
1536033600000,BTCUSD,7360
1535947200000,BTCUSD,7256.15
1535860800000,BTCUSD,7250.45
1535774400000,BTCUSD,7182.17
1535688000000,BTCUSD,7054.18
1535601600000,BTCUSD,6960.89
1535515200000,BTCUSD,7024.17
1535428800000,BTCUSD,7030.87
1535342400000,BTCUSD,6871.09
1535256000000,BTCUSD,6672.8
1535169600000,BTCUSD,6614.01
1535083200000,BTCUSD,6733.7
1534996800000,BTCUSD,6490
1534910400000,BTCUSD,6401.23
1534824000000,BTCUSD,6731.63
1534737600000,BTCUSD,6310.92
1534651200000,BTCUSD,6488.53
1534564800000,BTCUSD,6345.52
1534478400000,BTCUSD,6526.19
1534392000000,BTCUSD,6420.52
1534305600000,BTCUSD,6283.4
1534219200000,BTCUSD,6304.99
1534132800000,BTCUSD,5988.18
1534046400000,BTCUSD,6346.43
1533960000000,BTCUSD,6115
1533873600000,BTCUSD,6467.92
1533787200000,BTCUSD,6467.92
1533700800000,BTCUSD,6320.19
1533614400000,BTCUSD,6588.97
1533528000000,BTCUSD,6935.87
1533441600000,BTCUSD,7094.08
1533355200000,BTCUSD,7000
1533268800000,BTCUSD,7645.43
1533182400000,BTCUSD,7645.43
1533096000000,BTCUSD,7645.43
1533009600000,BTCUSD,7532.57
1532923200000,BTCUSD,8110.25
1532836800000,BTCUSD,8172.32
1532750400000,BTCUSD,7873.46
1532664000000,BTCUSD,7873.46
1532577600000,BTCUSD,7873.46
1532491200000,BTCUSD,8220.93
1532404800000,BTCUSD,8350.37
1532318400000,BTCUSD,7746.56
1532232000000,BTCUSD,7618.85
1532145600000,BTCUSD,7417.79
1532059200000,BTCUSD,7283.12
1531972800000,BTCUSD,7452.63
1531886400000,BTCUSD,7319.48
1531800000000,BTCUSD,7455
1531713600000,BTCUSD,6739.98
1531627200000,BTCUSD,6355
1531540800000,BTCUSD,6213.34
1531454400000,BTCUSD,6245
1531368000000,BTCUSD,6245
1531281600000,BTCUSD,6345.18
1531195200000,BTCUSD,6343.17
1531108800000,BTCUSD,6639.37
1531022400000,BTCUSD,6708.02
1530936000000,BTCUSD,6722.39
1530849600000,BTCUSD,6525.51
1530763200000,BTCUSD,6525.51
1530676800000,BTCUSD,6622.28
1530590400000,BTCUSD,6459.62
1530504000000,BTCUSD,6631.33
1530417600000,BTCUSD,6333.03
1530331200000,BTCUSD,6350.48
1530244800000,BTCUSD,6368.34
1530158400000,BTCUSD,5875
1530072000000,BTCUSD,6086.11
1529985600000,BTCUSD,6036.86
1529899200000,BTCUSD,6240.61
1529812800000,BTCUSD,6133.12
1529726400000,BTCUSD,6086.03
1529640000000,BTCUSD,6114.4
1529553600000,BTCUSD,6770
1529467200000,BTCUSD,6770
1529380800000,BTCUSD,6617.19
1529294400000,BTCUSD,6689.17
1529208000000,BTCUSD,6415.25
1529121600000,BTCUSD,6531.4
1529035200000,BTCUSD,6413.16
1528948800000,BTCUSD,6614.62
1528862400000,BTCUSD,6495.14
1528776000000,BTCUSD,6555
1528689600000,BTCUSD,6827.89
1528603200000,BTCUSD,6777.12
1528516800000,BTCUSD,7273
1528430400000,BTCUSD,7664.5
1528344000000,BTCUSD,7642
1528257600000,BTCUSD,7730.06
1528171200000,BTCUSD,7618.69
1528084800000,BTCUSD,7420.33
1527998400000,BTCUSD,7705.23
1527912000000,BTCUSD,7647.08
1527825600000,BTCUSD,7497.34
1527739200000,BTCUSD,7498.45
1527652800000,BTCUSD,7372.14
1527566400000,BTCUSD,7494.19
1527480000000,BTCUSD,7117.01
1527393600000,BTCUSD,7387
1527307200000,BTCUSD,7299.5
1527220800000,BTCUSD,7449.1
1527134400000,BTCUSD,7601.19
1527048000000,BTCUSD,7619
1526961600000,BTCUSD,7955.56
1526875200000,BTCUSD,8329.95
1526788800000,BTCUSD,8491
1526702400000,BTCUSD,8250.03
1526616000000,BTCUSD,8247.85
1526529600000,BTCUSD,8003.75
1526443200000,BTCUSD,8362.55
1526356800000,BTCUSD,8165.85
1526270400000,BTCUSD,8720.41
1526184000000,BTCUSD,8403.82
1526097600000,BTCUSD,8444.63
1526011200000,BTCUSD,8418.44
1525924800000,BTCUSD,8936.18
1525838400000,BTCUSD,9329.6
1525752000000,BTCUSD,9045.68
1525665600000,BTCUSD,9430.2
1525579200000,BTCUSD,9325
1525492800000,BTCUSD,9827.57
1525406400000,BTCUSD,9813.56
1525320000000,BTCUSD,9590.94
1525233600000,BTCUSD,9254.85
1525147200000,BTCUSD,9031.57
1525060800000,BTCUSD,8953.48
1524974400000,BTCUSD,9266.31
1524888000000,BTCUSD,9447.92
1524801600000,BTCUSD,9150.01
1524715200000,BTCUSD,9149.99
1524628800000,BTCUSD,8815
1524542400000,BTCUSD,9393.57
1524456000000,BTCUSD,9199.95
1524369600000,BTCUSD,8871
1524283200000,BTCUSD,8821.39
1524196800000,BTCUSD,8868.98
1524110400000,BTCUSD,8337.84
1524024000000,BTCUSD,8192.27
1523937600000,BTCUSD,7935
1523851200000,BTCUSD,8026.21
1523764800000,BTCUSD,8160.27
1523678400000,BTCUSD,8087.52
1523592000000,BTCUSD,8043.79
1523505600000,BTCUSD,7812.7
1523419200000,BTCUSD,6943.83
1523332800000,BTCUSD,6820.83
1523246400000,BTCUSD,6793.44
1523160000000,BTCUSD,7128.1
1523073600000,BTCUSD,6968.14
1522987200000,BTCUSD,6592.94
1522900800000,BTCUSD,6769.44
1522814400000,BTCUSD,6775.71
1522728000000,BTCUSD,7296.06
1522641600000,BTCUSD,7187.64
1522555200000,BTCUSD,6988.89
1522468800000,BTCUSD,6922.75
1522382400000,BTCUSD,6969.5
1522296000000,BTCUSD,6863.66
1522209600000,BTCUSD,7871.8
1522123200000,BTCUSD,7871
1522036800000,BTCUSD,7860.36
1521950400000,BTCUSD,8431.94
1521864000000,BTCUSD,8557.8
1521777600000,BTCUSD,8910
1521691200000,BTCUSD,8415.89
1521604800000,BTCUSD,9033.87
1521518400000,BTCUSD,9038.4
1521432000000,BTCUSD,8603
1521345600000,BTCUSD,8174.2
1521259200000,BTCUSD,7676.9
1521172800000,BTCUSD,8220.82
1521086400000,BTCUSD,8042.9
1521000000000,BTCUSD,7889.99
1520913600000,BTCUSD,9259.03
1520827200000,BTCUSD,9061.57
1520740800000,BTCUSD,9439.6
1520654400000,BTCUSD,8648.35
1520568000000,BTCUSD,9249.99
1520481600000,BTCUSD,8986.47
1520395200000,BTCUSD,9562.28
1520308800000,BTCUSD,10735.22
1520222400000,BTCUSD,11249.88
1520136000000,BTCUSD,11551.01
1520049600000,BTCUSD,11158.51
1519963200000,BTCUSD,11283.37
1519876800000,BTCUSD,11102.3
1519790400000,BTCUSD,10354
1519704000000,BTCUSD,10908.9
1519617600000,BTCUSD,10271.72
1519531200000,BTCUSD,9622.46
1519444800000,BTCUSD,9582.74
1519358400000,BTCUSD,10410.1
1519272000000,BTCUSD,9815.34
1519185600000,BTCUSD,10744.57
1519099200000,BTCUSD,10902
1519012800000,BTCUSD,11425.07
1518926400000,BTCUSD,10537.81
1518840000000,BTCUSD,10851.24
1518753600000,BTCUSD,10500
1518667200000,BTCUSD,10106
1518580800000,BTCUSD,9666.64
1518494400000,BTCUSD,8704.92
1518408000000,BTCUSD,8764.99
1518321600000,BTCUSD,8484.8
1518235200000,BTCUSD,8060
1518148800000,BTCUSD,8945.5
1518062400000,BTCUSD,8078.39
1517976000000,BTCUSD,7973.07
1517889600000,BTCUSD,7262.54
1517803200000,BTCUSD,6313.79
1517716800000,BTCUSD,8118.08
1517630400000,BTCUSD,9183.98
1517544000000,BTCUSD,8285.82
1517457600000,BTCUSD,8673.79
1517371200000,BTCUSD,9935.42
1517284800000,BTCUSD,9897.61
1517198400000,BTCUSD,10918.47
1517112000000,BTCUSD,11347.72
1517025600000,BTCUSD,11375.05
1516939200000,BTCUSD,11000.5
1516852800000,BTCUSD,11540
1516766400000,BTCUSD,11645.01
1516680000000,BTCUSD,10841.02
1516593600000,BTCUSD,10853.37
1516507200000,BTCUSD,11476.88
1516420800000,BTCUSD,12493.74
1516334400000,BTCUSD,11791.44
1516248000000,BTCUSD,11207.65
1516161600000,BTCUSD,11376
1516075200000,BTCUSD,10999
1515988800000,BTCUSD,12880
1515902400000,BTCUSD,13510.1
1515816000000,BTCUSD,14201.67
1515729600000,BTCUSD,14187.7
1515643200000,BTCUSD,13657.32
1515556800000,BTCUSD,13267.19
1515470400000,BTCUSD,14158.47
1515384000000,BTCUSD,15257.87
1515297600000,BTCUSD,15624.35
1515211200000,BTCUSD,16710.48
1515124800000,BTCUSD,16567.18
1515038400000,BTCUSD,14970
1514952000000,BTCUSD,15100
1514865600000,BTCUSD,14912.1
1514779200000,BTCUSD,13048.56
1514692800000,BTCUSD,13372
1514606400000,BTCUSD,13000.66
1514520000000,BTCUSD,13962.62
1514433600000,BTCUSD,14881.76
1514347200000,BTCUSD,14439.36
1514260800000,BTCUSD,15880
1514174400000,BTCUSD,14690
1514088000000,BTCUSD,13550.4
1514001600000,BTCUSD,14306.01
1513915200000,BTCUSD,14970.18
1513828800,BTCUSD,14238.85
1513742400,BTCUSD,16912.07
1513656000,BTCUSD,16890.13
1513569600,BTCUSD,18964.09
1513483200,BTCUSD,18720
1513396800,BTCUSD,19172.5
1513310400,BTCUSD,17750
1513224000,BTCUSD,17300
1513137600,BTCUSD,16300
1513051200,BTCUSD,16909.18
1512964800,BTCUSD,16450
1512878400,BTCUSD,16638.88
1512792000,BTCUSD,13200
1512705600,BTCUSD,15942.35
1512619200,BTCUSD,16783.25
1512532800,BTCUSD,13812.76
1512446400,BTCUSD,12230
1512360000,BTCUSD,11626.56
1512273600,BTCUSD,11399.99
1512187200,BTCUSD,10954.92
1512100800,BTCUSD,10938.42
1512014400,BTCUSD,9715.55
1511928000,BTCUSD,10759.89
1511841600,BTCUSD,10310.04
1511755200,BTCUSD,9717.97
1511668800,BTCUSD,9591.76
1511582400,BTCUSD,8872
1511496000,BTCUSD,8214.57
1511409600,BTCUSD,8096.56
1511323200,BTCUSD,8216.69
1511236800,BTCUSD,8178
1511150400,BTCUSD,7909.17
1511064000,BTCUSD,7969.11
1510977600,BTCUSD,7782.99
1510891200,BTCUSD,7605
1510804800,BTCUSD,7925.01
1510718400,BTCUSD,7274.72
1510632000,BTCUSD,6863.82
1510545600,BTCUSD,6686
1510459200,BTCUSD,5957.67
1510372800,BTCUSD,6100
1510286400,BTCUSD,6773.9
1510200000,BTCUSD,7253.45
1510113600,BTCUSD,7345.01
1510027200,BTCUSD,7349.5
1509940800,BTCUSD,7134.31
1509854400,BTCUSD,7190
1509768000,BTCUSD,7400
1509681600,BTCUSD,7148.63
1509595200,BTCUSD,7196.58
1509508800,BTCUSD,6850
1509422400,BTCUSD,6435.35
1509336000,BTCUSD,6132.81
1509249600,BTCUSD,6139.98
1509163200,BTCUSD,5745
1509076800,BTCUSD,5740.43
1508990400,BTCUSD,5922.01
1508904000,BTCUSD,5783.77
1508817600,BTCUSD,5550.99
1508731200,BTCUSD,5652.13
1508644800,BTCUSD,5980.2
1508558400,BTCUSD,5946.51
1508472000,BTCUSD,6098.72
1508385600,BTCUSD,5685.02
1508299200,BTCUSD,5624.1
1508212800,BTCUSD,5494.42
1508126400,BTCUSD,5648.09
1508040000,BTCUSD,5604.34
1507953600,BTCUSD,5774.59
1507867200,BTCUSD,5667.11
1507780800,BTCUSD,5712.47
1507694400,BTCUSD,4846.99
1507608000,BTCUSD,4738.91
1507521600,BTCUSD,4773.1
1507435200,BTCUSD,4622.78
1507348800,BTCUSD,4437.48
1507262400,BTCUSD,4362.14
1507176000,BTCUSD,4324.11
1507089600,BTCUSD,4175.02
1507003200,BTCUSD,4290
1506916800,BTCUSD,4408.25
1506830400,BTCUSD,4396.6
1506744000,BTCUSD,4293.03
1506657600,BTCUSD,4182.89
1506571200,BTCUSD,4058.73
1506484800,BTCUSD,4183.45
1506398400,BTCUSD,3933.36
1506312000,BTCUSD,3906.72
1506225600,BTCUSD,3748.76
1506139200,BTCUSD,3780.46
1506052800,BTCUSD,3616.1
1505966400,BTCUSD,3694.23
1505880000,BTCUSD,3820
1505793600,BTCUSD,3877.66
1505707200,BTCUSD,3989.64
1505620800,BTCUSD,3798.74
1505534400,BTCUSD,3657.61
1505448000,BTCUSD,3709.85
1505361600,BTCUSD,3359.98
1505275200,BTCUSD,3800.01
1505188800,BTCUSD,3956.08
1505102400,BTCUSD,4284.69
1505016000,BTCUSD,4336.68
1504929600,BTCUSD,4219.66
1504843200,BTCUSD,4337.81
1504756800,BTCUSD,4617.89
1504670400,BTCUSD,4506.06
1504584000,BTCUSD,4483.32
1504497600,BTCUSD,4124.44
1504411200,BTCUSD,4549.08
1504324800,BTCUSD,4658.1
1504238400,BTCUSD,4828.33
1504152000,BTCUSD,4760.02
1504065600,BTCUSD,4625.01
1503979200,BTCUSD,4599.17
1503892800,BTCUSD,4385.31
1503806400,BTCUSD,4287.24
1503720000,BTCUSD,4369.49
1503633600,BTCUSD,4371.25
1503547200,BTCUSD,4354.29
1503460800,BTCUSD,4132.23
1503374400,BTCUSD,4100.47
1503288000,BTCUSD,3829.11
1503201600,BTCUSD,4043.74
1503115200,BTCUSD,4079.82
1503028800,BTCUSD,4120.25
1502942400,BTCUSD,4266.98
1502856000,BTCUSD,4271.64
1502769600,BTCUSD,4078.46
1502683200,BTCUSD,4408.51
1502596800,BTCUSD,3975.17
1502510400,BTCUSD,4047.47
1502424000,BTCUSD,3659.14
1502337600,BTCUSD,3421.45
1502251200,BTCUSD,3328.91
1502164800,BTCUSD,3381.56
1502078400,BTCUSD,3447.19
1501992000,BTCUSD,3231.49
1501905600,BTCUSD,3203.3
1501819200,BTCUSD,3092.25
1501732800,BTCUSD,2783.59
1501646400,BTCUSD,2719.31
1501560000,BTCUSD,2731.16
1501473600,BTCUSD,2864.56
1501387200,BTCUSD,2715.67
1501300800,BTCUSD,2701.27
1501214400,BTCUSD,2693.67
1501128000,BTCUSD,2673.34
1501041600,BTCUSD,2544.32
1500955200,BTCUSD,2503.77
1500868800,BTCUSD,2748.73
1500782400,BTCUSD,2755.54
1500696000,BTCUSD,2826.35
1500609600,BTCUSD,2709.99
1500523200,BTCUSD,2731.27
1500436800,BTCUSD,2330.01
1500350400,BTCUSD,2357.18
1500264000,BTCUSD,2166.67
1500177600,BTCUSD,1952.26
1500091200,BTCUSD,2015.91
1500004800,BTCUSD,2095
1499918400,BTCUSD,2317.13
1499832000,BTCUSD,2411.64
1499745600,BTCUSD,2264.37
1499659200,BTCUSD,2313.48
1499572800,BTCUSD,2506.57
1499486400,BTCUSD,2565.49
1499400000,BTCUSD,2492.08
1499313600,BTCUSD,2590.63
1499227200,BTCUSD,2623.05
1499140800,BTCUSD,2578.16
1499054400,BTCUSD,2625.06
1498968000,BTCUSD,2490.6
1498881600,BTCUSD,2399.21
1498795200,BTCUSD,2430.87
1498708800,BTCUSD,2512.88
1498622400,BTCUSD,2569.11
1498536000,BTCUSD,2536.85
1498449600,BTCUSD,2451.59
1498363200,BTCUSD,2545.4
1498276800,BTCUSD,2536.73
1498190400,BTCUSD,2699
1498104000,BTCUSD,2713.65
1498017600,BTCUSD,2644.32
1497931200,BTCUSD,2748.27
1497844800,BTCUSD,2610
1497758400,BTCUSD,2559.05
1497672000,BTCUSD,2658.35
1497585600,BTCUSD,2483.23
1497499200,BTCUSD,2385.01
1497412800,BTCUSD,2456.41
1497326400,BTCUSD,2754.37
1497240000,BTCUSD,2654.39
1497153600,BTCUSD,2964.77
1497067200,BTCUSD,2871.23
1496980800,BTCUSD,2825.61
1496894400,BTCUSD,2810.06
1496808000,BTCUSD,2720.82
1496721600,BTCUSD,2860.68
1496635200,BTCUSD,2820.86
1496548800,BTCUSD,2575.08
1496462400,BTCUSD,2512.04
1496376000,BTCUSD,2479.1
1496289600,BTCUSD,2435.66
1496203200,BTCUSD,2368.41
1496116800,BTCUSD,2180.13
1496030400,BTCUSD,2297.6
1495944000,BTCUSD,2207.78
1495857600,BTCUSD,2220.44
1495771200,BTCUSD,2263.87
1495684800,BTCUSD,2475.28
1495598400,BTCUSD,2574.98
1495512000,BTCUSD,2305.17
1495425600,BTCUSD,2175.29
1495339200,BTCUSD,2068.95
1495252800,BTCUSD,2055.99
1495166400,BTCUSD,1979.98
1495080000,BTCUSD,1910.26
1494993600,BTCUSD,1809.56
1494907200,BTCUSD,1800
1494820800,BTCUSD,1701.54
1494734400,BTCUSD,1779.71
1494648000,BTCUSD,1795.92
1494561600,BTCUSD,1648.56
1494475200,BTCUSD,1792.04
1494388800,BTCUSD,1783.04
1494302400,BTCUSD,1709.31
1494216000,BTCUSD,1689.5
1494129600,BTCUSD,1616.87
1494043200,BTCUSD,1584.99
1493956800,BTCUSD,1567.99
1493870400,BTCUSD,1587.31
1493784000,BTCUSD,1521.15
1493697600,BTCUSD,1471.52
1493611200,BTCUSD,1443.93
1493524800,BTCUSD,1373.89
1493438400,BTCUSD,1339.49
1493352000,BTCUSD,1346.94
1493265600,BTCUSD,1355.65
1493179200,BTCUSD,1301.47
1493092800,BTCUSD,1278.9
1493006400,BTCUSD,1258.99
1492920000,BTCUSD,1248.99
1492833600,BTCUSD,1241.01
1492747200,BTCUSD,1248.48
1492660800,BTCUSD,1245.51
1492574400,BTCUSD,1213
1492488000,BTCUSD,1205.93
1492401600,BTCUSD,1197.82
1492315200,BTCUSD,1178.65
1492228800,BTCUSD,1182.64
1492142400,BTCUSD,1181
1492056000,BTCUSD,1186.63
1491969600,BTCUSD,1216.77
1491883200,BTCUSD,1225.8
1491796800,BTCUSD,1206.97
1491710400,BTCUSD,1211.86
1491624000,BTCUSD,1188
1491537600,BTCUSD,1195.71
1491451200,BTCUSD,1181.89
1491364800,BTCUSD,1151.31
1491278400,BTCUSD,1139.15
1491192000,BTCUSD,1149.47
1491105600,BTCUSD,1142.57
1491019200,BTCUSD,1086.1
1490932800,BTCUSD,1082.63
1490846400,BTCUSD,1054.41
1490760000,BTCUSD,1041.62
1490673600,BTCUSD,1012
1490587200,BTCUSD,1038.54
1490500800,BTCUSD,974.17
1490414400,BTCUSD,964.18
1490328000,BTCUSD,926.2
1490241600,BTCUSD,1013.01
1490155200,BTCUSD,1038.55
1490068800,BTCUSD,1090.11
1489982400,BTCUSD,1068.56
1489896000,BTCUSD,1032.93
1489809600,BTCUSD,1000.4
1489723200,BTCUSD,1055
1489636800,BTCUSD,1119.21
1489550400,BTCUSD,1250
1489464000,BTCUSD,1247.99
1489377600,BTCUSD,1245.03
1489291200,BTCUSD,1234.55
1489204800,BTCUSD,1188.13
1489118400,BTCUSD,1143.23
1489032000,BTCUSD,1200.75
1488945600,BTCUSD,1156.39
1488859200,BTCUSD,1211.02
1488772800,BTCUSD,1285.38
1488686400,BTCUSD,1276.51
1488600000,BTCUSD,1265
1488513600,BTCUSD,1285.01
1488427200,BTCUSD,1272.07
1488340800,BTCUSD,1224
1488254400,BTCUSD,1197.68
1488168000,BTCUSD,1193.96
1488081600,BTCUSD,1188.34
1487995200,BTCUSD,1143.56
1487908800,BTCUSD,1183.99
1487822400,BTCUSD,1200
1487736000,BTCUSD,1127.8
1487649600,BTCUSD,1122.51
1487563200,BTCUSD,1079.7
1487476800,BTCUSD,1049.26
1487390400,BTCUSD,1054.23
1487304000,BTCUSD,1060.99
1487217600,BTCUSD,1037.15
1487131200,BTCUSD,1023.67
1487044800,BTCUSD,1008.17
1486958400,BTCUSD,997.34
1486872000,BTCUSD,1009
1486785600,BTCUSD,1012.1
1486699200,BTCUSD,1000.07
1486612800,BTCUSD,979.96
1486526400,BTCUSD,1072.19
1486440000,BTCUSD,1068.62
1486353600,BTCUSD,1026.99
1486267200,BTCUSD,1016.95
1486180800,BTCUSD,1028.9
1486094400,BTCUSD,1010.81
1486008000,BTCUSD,1020.06
1485921600,BTCUSD,980.48
1485835200,BTCUSD,973.04
1485748800,BTCUSD,923.99
1485662400,BTCUSD,919.48
1485576000,BTCUSD,922.99
1485489600,BTCUSD,921.73
1485403200,BTCUSD,915.43
1485316800,BTCUSD,901.55
1485230400,BTCUSD,898.46
1485144000,BTCUSD,912.72
1485057600,BTCUSD,923.22
1484971200,BTCUSD,937.9
1484884800,BTCUSD,925.33
1484798400,BTCUSD,901.56
1484712000,BTCUSD,890.83
1484625600,BTCUSD,892.54
1484539200,BTCUSD,852.77
1484452800,BTCUSD,836.58
1484366400,BTCUSD,827.85
1484280000,BTCUSD,819.27
1484193600,BTCUSD,790.1
1484107200,BTCUSD,776.02
1484020800,BTCUSD,913.98
1483934400,BTCUSD,907.51
1483848000,BTCUSD,891.83
1483761600,BTCUSD,918.39
1483675200,BTCUSD,839.53
1483588800,BTCUSD,987.95
1483502400,BTCUSD,1146
1483416000,BTCUSD,1049.37
1483329600,BTCUSD,1028.38
1483243200,BTCUSD,1010.6
1483156800,BTCUSD,967.8
1483070400,BTCUSD,958
1482984000,BTCUSD,960.01
1482897600,BTCUSD,973.25
1482811200,BTCUSD,950.02
1482724800,BTCUSD,900.86
1482638400,BTCUSD,911.68
1482552000,BTCUSD,870.32
1482465600,BTCUSD,911.03
1482379200,BTCUSD,888.38
1482292800,BTCUSD,838.91
1482206400,BTCUSD,804.85
1482120000,BTCUSD,790
1482033600,BTCUSD,790.68
1481947200,BTCUSD,789.99
1481860800,BTCUSD,787
1481774400,BTCUSD,776.52
1481688000,BTCUSD,779.69
1481601600,BTCUSD,777.52
1481515200,BTCUSD,775.28
1481428800,BTCUSD,770.97
1481342400,BTCUSD,766.01
1481256000,BTCUSD,774.99
1481169600,BTCUSD,767.5
1481083200,BTCUSD,764.37
1480996800,BTCUSD,758.99
1480910400,BTCUSD,755.73
1480824000,BTCUSD,760.98
1480737600,BTCUSD,766.85
1480651200,BTCUSD,773.15
1480564800,BTCUSD,764.87
1480478400,BTCUSD,744.99
1480392000,BTCUSD,733.88
1480305600,BTCUSD,733.99
1480219200,BTCUSD,732.99
1480132800,BTCUSD,731.23
1480046400,BTCUSD,741.74
1479960000,BTCUSD,732.97
1479873600,BTCUSD,741.51
1479787200,BTCUSD,748.35
1479700800,BTCUSD,734.41
1479614400,BTCUSD,730.27
1479528000,BTCUSD,751.99
1479441600,BTCUSD,749.98
1479355200,BTCUSD,738.6
1479268800,BTCUSD,742.99
1479182400,BTCUSD,711.9
1479096000,BTCUSD,712.73
1479009600,BTCUSD,704.54
1478923200,BTCUSD,695.01
1478836800,BTCUSD,715.21
1478750400,BTCUSD,711.66
1478664000,BTCUSD,719.02
1478577600,BTCUSD,730.38
1478491200,BTCUSD,709.01
1478404800,BTCUSD,706.1
1478318400,BTCUSD,712
1478232000,BTCUSD,704.66
1478145600,BTCUSD,701.61
1478059200,BTCUSD,742.49
1477972800,BTCUSD,725.91
1477886400,BTCUSD,709.54
1477800000,BTCUSD,695.13
1477713600,BTCUSD,708.26
1477627200,BTCUSD,702.07
1477540800,BTCUSD,682.54
1477454400,BTCUSD,681.15
1477368000,BTCUSD,657.01
1477281600,BTCUSD,652.2
1477195200,BTCUSD,648.88
1477108800,BTCUSD,657.16
1477022400,BTCUSD,630.99
1476936000,BTCUSD,629.99
1476849600,BTCUSD,625.41
1476763200,BTCUSD,635
1476676800,BTCUSD,636.65
1476590400,BTCUSD,635.01
1476504000,BTCUSD,636.98
1476417600,BTCUSD,639.47
1476331200,BTCUSD,636.56
1476244800,BTCUSD,639.97
1476158400,BTCUSD,637.29
1476072000,BTCUSD,617.38
1475985600,BTCUSD,617.98
1475899200,BTCUSD,617.98
1475812800,BTCUSD,617.99
1475726400,BTCUSD,610.3
1475640000,BTCUSD,612.08
1475553600,BTCUSD,610.4
1475467200,BTCUSD,612.88
1475380800,BTCUSD,610.5
1475294400,BTCUSD,614.04
1475208000,BTCUSD,611.51
1475121600,BTCUSD,604.87
1475035200,BTCUSD,604.17
1474948800,BTCUSD,604.04
1474862400,BTCUSD,606.14
1474776000,BTCUSD,600
1474689600,BTCUSD,601.48
1474603200,BTCUSD,602
1474516800,BTCUSD,595.14
1474430400,BTCUSD,595.7
1474344000,BTCUSD,597.2
1474257600,BTCUSD,607.84
1474171200,BTCUSD,609.98
1474084800,BTCUSD,606.38
1473998400,BTCUSD,607.4
1473912000,BTCUSD,606.97
1473825600,BTCUSD,605.25
1473739200,BTCUSD,607.51
1473652800,BTCUSD,607.99
1473566400,BTCUSD,606.81
1473480000,BTCUSD,622.11
1473393600,BTCUSD,620.01
1473307200,BTCUSD,623.3
1473220800,BTCUSD,614.65
1473134400,BTCUSD,613.45
1473048000,BTCUSD,606.31
1472961600,BTCUSD,606.09
1472875200,BTCUSD,600.66
1472788800,BTCUSD,574.75
1472702400,BTCUSD,570.86
1472616000,BTCUSD,576.94
1472529600,BTCUSD,574.18
1472443200,BTCUSD,573.37
1472356800,BTCUSD,574.99
1472270400,BTCUSD,570.32
1472184000,BTCUSD,576.04
1472097600,BTCUSD,575.77
1472011200,BTCUSD,575.96
1471924800,BTCUSD,581.98
1471838400,BTCUSD,585.98
1471752000,BTCUSD,580.76
1471665600,BTCUSD,580.99
1471579200,BTCUSD,573.75
1471492800,BTCUSD,575.43
1471406400,BTCUSD,574.41
1471320000,BTCUSD,578.43
1471233600,BTCUSD,566.99
1471147200,BTCUSD,572.99
1471060800,BTCUSD,583.14
1470974400,BTCUSD,584.65
1470888000,BTCUSD,587.01
1470801600,BTCUSD,596.91
1470715200,BTCUSD,587.76
1470628800,BTCUSD,591.32
1470542400,BTCUSD,589.91
1470456000,BTCUSD,591.49
1470369600,BTCUSD,576.17
1470283200,BTCUSD,581
1470196800,BTCUSD,590
1470110400,BTCUSD,545.99
1470024000,BTCUSD,603.64
1469937600,BTCUSD,619.85
1469851200,BTCUSD,637.4
1469764800,BTCUSD,657.98
1469678400,BTCUSD,657.41
1469592000,BTCUSD,657.99
1469505600,BTCUSD,652.72
1469419200,BTCUSD,656.72
1469332800,BTCUSD,662.1
1469246400,BTCUSD,655.47
1469160000,BTCUSD,652.85
1469073600,BTCUSD,665.99
1468987200,BTCUSD,660.02
1468900800,BTCUSD,672.99
1468814400,BTCUSD,673.42
1468728000,BTCUSD,682.02
1468641600,BTCUSD,666.54
1468555200,BTCUSD,667.74
1468468800,BTCUSD,663.99
1468382400,BTCUSD,652.38
1468296000,BTCUSD,664.73
1468209600,BTCUSD,650.03
1468123200,BTCUSD,656.67
1468036800,BTCUSD,650.27
1467950400,BTCUSD,656.81
1467864000,BTCUSD,641.78
1467777600,BTCUSD,673.12
1467691200,BTCUSD,677
1467604800,BTCUSD,679.89
1467518400,BTCUSD,670
1467432000,BTCUSD,692.11
1467345600,BTCUSD,679.52
1467259200,BTCUSD,687.96
1467172800,BTCUSD,638.47
1467086400,BTCUSD,640.25
1467000000,BTCUSD,657.09
1466913600,BTCUSD,649.13
1466827200,BTCUSD,665.01
1466740800,BTCUSD,696.98
1466654400,BTCUSD,653.5
1466568000,BTCUSD,586.75
1466481600,BTCUSD,657.2
1466395200,BTCUSD,699
1466308800,BTCUSD,760.21
1466222400,BTCUSD,752.51
1466136000,BTCUSD,740.65
1466049600,BTCUSD,774.32
1465963200,BTCUSD,730
1465876800,BTCUSD,674.68
1465790400,BTCUSD,694.53
1465704000,BTCUSD,680.73
1465617600,BTCUSD,632.51
1465531200,BTCUSD,583.45
1465444800,BTCUSD,576.68
1465358400,BTCUSD,580.15
1465272000,BTCUSD,577.73
1465185600,BTCUSD,586.1
1465099200,BTCUSD,579.61
1465012800,BTCUSD,580
1464926400,BTCUSD,572.3
1464840000,BTCUSD,536.83
1464753600,BTCUSD,536.77
1464667200,BTCUSD,526.86
1464580800,BTCUSD,530
1464494400,BTCUSD,527.98
1464408000,BTCUSD,515.51
1464321600,BTCUSD,491.83
1464235200,BTCUSD,471.72
1464148800,BTCUSD,449.99
1464062400,BTCUSD,446.99
1463976000,BTCUSD,443.33
1463889600,BTCUSD,438.62
1463803200,BTCUSD,440.94
1463716800,BTCUSD,443.46
1463630400,BTCUSD,439.65
1463544000,BTCUSD,454.43
1463457600,BTCUSD,454.99
1463371200,BTCUSD,453.99
1463284800,BTCUSD,457.99
1463198400,BTCUSD,456.74
1463112000,BTCUSD,457.48
1463025600,BTCUSD,455.79
1462939200,BTCUSD,452.99
1462852800,BTCUSD,452.21
1462766400,BTCUSD,462.98
1462680000,BTCUSD,458
1462593600,BTCUSD,458.47
1462507200,BTCUSD,459.36
1462420800,BTCUSD,448.46
1462334400,BTCUSD,448
1462248000,BTCUSD,451.99
1462161600,BTCUSD,443.7
1462075200,BTCUSD,453.38
1461988800,BTCUSD,449.14
1461902400,BTCUSD,455.83
1461816000,BTCUSD,448.98
1461729600,BTCUSD,442.23
1461643200,BTCUSD,468.44
1461556800,BTCUSD,465.2
1461470400,BTCUSD,459.13
1461384000,BTCUSD,455.32
1461297600,BTCUSD,448.33
1461211200,BTCUSD,446.35
1461124800,BTCUSD,443.98
1461038400,BTCUSD,435.47
1460952000,BTCUSD,427.98
1460865600,BTCUSD,427.91
1460779200,BTCUSD,430.09
1460692800,BTCUSD,429.52
1460606400,BTCUSD,425.96
1460520000,BTCUSD,425.29
1460433600,BTCUSD,426.69
1460347200,BTCUSD,424.99
1460260800,BTCUSD,420.72
1460174400,BTCUSD,417.12
1460088000,BTCUSD,414.56
1460001600,BTCUSD,422.56
1459915200,BTCUSD,422.3
1459828800,BTCUSD,422.48
1459742400,BTCUSD,422.83
1459656000,BTCUSD,419.45
1459569600,BTCUSD,419.99
1459483200,BTCUSD,420.25
1459396800,BTCUSD,416.43
1459310400,BTCUSD,414.99
1459224000,BTCUSD,414.38
1459137600,BTCUSD,423.74
1459051200,BTCUSD,422.89
1458964800,BTCUSD,416.66
1458878400,BTCUSD,416.9
1458792000,BTCUSD,414.39
1458705600,BTCUSD,416.85
1458619200,BTCUSD,416.99
1458532800,BTCUSD,414.35
1458446400,BTCUSD,408.69
1458360000,BTCUSD,409.99
1458273600,BTCUSD,408.17
1458187200,BTCUSD,418.01
1458100800,BTCUSD,416.99
1458014400,BTCUSD,415.41
1457928000,BTCUSD,414.99
1457841600,BTCUSD,412.97
1457755200,BTCUSD,409.26
1457668800,BTCUSD,417.61
1457582400,BTCUSD,414.95
1457496000,BTCUSD,411.01
1457409600,BTCUSD,410.3
1457323200,BTCUSD,413.48
1457236800,BTCUSD,401.41
1457150400,BTCUSD,378.71
1457064000,BTCUSD,405.1
1456977600,BTCUSD,419.65
1456891200,BTCUSD,418.65
1456804800,BTCUSD,432.49
1456718400,BTCUSD,434.86
1456632000,BTCUSD,434
1456545600,BTCUSD,423.04
1456459200,BTCUSD,433.2
1456372800,BTCUSD,420.01
1456286400,BTCUSD,420.5
1456200000,BTCUSD,418.86
1456113600,BTCUSD,438.04
1456027200,BTCUSD,436.21
1455940800,BTCUSD,439.99
1455854400,BTCUSD,420.9
1455768000,BTCUSD,421.04
1455681600,BTCUSD,419.96
1455595200,BTCUSD,407.05
1455508800,BTCUSD,400.73
1455422400,BTCUSD,405.22
1455336000,BTCUSD,398.71
1455249600,BTCUSD,384.99
1455163200,BTCUSD,376.99
1455076800,BTCUSD,380.42
1454990400,BTCUSD,374
1454904000,BTCUSD,372.98
1454817600,BTCUSD,376.57
1454731200,BTCUSD,374.77
1454644800,BTCUSD,379.68
1454558400,BTCUSD,386.21
1454472000,BTCUSD,371.52
1454385600,BTCUSD,372.5
1454299200,BTCUSD,373.58
1454212800,BTCUSD,374.22
1454126400,BTCUSD,379.56
1454040000,BTCUSD,378.63
1453953600,BTCUSD,369.7
1453867200,BTCUSD,381.19
1453780800,BTCUSD,392.7
1453694400,BTCUSD,392.41
1453608000,BTCUSD,397.58
1453521600,BTCUSD,389.49
1453435200,BTCUSD,404.99
1453348800,BTCUSD,402.06
1453262400,BTCUSD,418.17
1453176000,BTCUSD,380.12
1453089600,BTCUSD,382.43
1453003200,BTCUSD,380.6
1452916800,BTCUSD,384.23
1452830400,BTCUSD,370.87
1452744000,BTCUSD,420.35
1452657600,BTCUSD,432.23
1452571200,BTCUSD,431.65
1452484800,BTCUSD,447.02
1452398400,BTCUSD,449.65
1452312000,BTCUSD,446.84
1452225600,BTCUSD,452.14
1452139200,BTCUSD,458.3
1452052800,BTCUSD,441
1451966400,BTCUSD,427.88
1451880000,BTCUSD,432.57
1451793600,BTCUSD,426
1451707200,BTCUSD,427.33
1451620800,BTCUSD,432.7
1451534400,BTCUSD,432.68
1451448000,BTCUSD,429.06
1451361600,BTCUSD,431.6
1451275200,BTCUSD,421.86
1451188800,BTCUSD,428.69
1451102400,BTCUSD,412.25
1451016000,BTCUSD,445.1
1450929600,BTCUSD,457.75
1450843200,BTCUSD,454.75
1450756800,BTCUSD,435.98
1450670400,BTCUSD,438.63
1450584000,BTCUSD,436
1450497600,BTCUSD,458.83
1450411200,BTCUSD,464.5
1450324800,BTCUSD,458.75
1450238400,BTCUSD,451.2
1450152000,BTCUSD,445.18
1450065600,BTCUSD,452.52
1449979200,BTCUSD,436.67
1449892800,BTCUSD,435.55
1449806400,BTCUSD,467.3
1449720000,BTCUSD,420.79
1449633600,BTCUSD,415
1449547200,BTCUSD,422.2
1449460800,BTCUSD,395
1449374400,BTCUSD,392.18
1449288000,BTCUSD,392.66
1449201600,BTCUSD,369.2
1449115200,BTCUSD,358.5
1449028800,BTCUSD,365.21
1448942400,BTCUSD,352.52
1448856000,BTCUSD,377.32
1448769600,BTCUSD,373.87
1448683200,BTCUSD,357.01
1448596800,BTCUSD,353.78
1448510400,BTCUSD,350.82
1448424000,BTCUSD,329.98
1448337600,BTCUSD,315.21
1448251200,BTCUSD,320.11
1448164800,BTCUSD,324.17
1448078400,BTCUSD,326.22
1447992000,BTCUSD,321
1447905600,BTCUSD,318
1447819200,BTCUSD,332.8
1447732800,BTCUSD,335.36
1447646400,BTCUSD,337.37
1447560000,BTCUSD,324.06
1447473600,BTCUSD,337.69
1447387200,BTCUSD,340
1447300800,BTCUSD,337.87
1447214400,BTCUSD,320
1447128000,BTCUSD,311
1447041600,BTCUSD,377
1446955200,BTCUSD,369.07
1446868800,BTCUSD,389.61
1446782400,BTCUSD,374.97
1446696000,BTCUSD,367.49
1446609600,BTCUSD,441.95
1446523200,BTCUSD,439
1446436800,BTCUSD,375
1446350400,BTCUSD,328
1446264000,BTCUSD,315.14
1446177600,BTCUSD,334.89
1446091200,BTCUSD,329.93
1446004800,BTCUSD,306.99
1445918400,BTCUSD,298.38
1445832000,BTCUSD,291.69
1445745600,BTCUSD,285
1445659200,BTCUSD,290
1445572800,BTCUSD,281.78
1445486400,BTCUSD,278.25
1445400000,BTCUSD,271.5
1445313600,BTCUSD,272.5
1445227200,BTCUSD,273.87
1445140800,BTCUSD,269.99
1445054400,BTCUSD,269.26
1444968000,BTCUSD,270
1444881600,BTCUSD,257.19
1444795200,BTCUSD,254.59
1444708800,BTCUSD,251
1444622400,BTCUSD,245.75
1444536000,BTCUSD,248.98
1444449600,BTCUSD,246.3
1444363200,BTCUSD,245.51
1444276800,BTCUSD,243.6
