Date,Symbol,Close
2021-12-20 04:00:00,ETHUSD,3965.99
2021-12-19 04:00:00,ETHUSD,3908.59
2021-12-18 04:00:00,ETHUSD,3991.14
2021-12-17 04:00:00,ETHUSD,3880.62
2021-12-16 04:00:00,ETHUSD,3967.11
2021-12-15 04:00:00,ETHUSD,4021.89
2021-12-14 04:00:00,ETHUSD,3848.56
2021-12-13 04:00:00,ETHUSD,3776.71
2021-12-12 04:00:00,ETHUSD,3997.89
2021-12-11 04:00:00,ETHUSD,4044.98
2021-12-10 04:00:00,ETHUSD,4013.01
2021-12-09 04:00:00,ETHUSD,4142.53
2021-12-08 04:00:00,ETHUSD,4362.77
2021-12-07 04:00:00,ETHUSD,4299.35
2021-12-06 04:00:00,ETHUSD,4345.53
2021-12-05 04:00:00,ETHUSD,4173.56
2021-12-04 04:00:00,ETHUSD,4170.69
2021-12-03 04:00:00,ETHUSD,4060.15
2021-12-02 04:00:00,ETHUSD,4498.17
2021-12-01 04:00:00,ETHUSD,4495.57
2021-11-30 04:00:00,ETHUSD,4764
2021-11-29 04:00:00,ETHUSD,4439.72
2021-11-28 04:00:00,ETHUSD,4309.05
2021-11-27 04:00:00,ETHUSD,4026.45
2021-11-26 04:00:00,ETHUSD,4118.85
2021-11-25 04:00:00,ETHUSD,4431.5
2021-11-24 04:00:00,ETHUSD,4318.79
2021-11-23 04:00:00,ETHUSD,4248.78
2021-11-22 04:00:00,ETHUSD,4179.91
2021-11-21 04:00:00,ETHUSD,4168.73
2021-11-20 04:00:00,ETHUSD,4342.02
2021-11-19 04:00:00,ETHUSD,4286.86
2021-11-18 04:00:00,ETHUSD,4011.46
2021-11-17 04:00:00,ETHUSD,4284.96
2021-11-16 04:00:00,ETHUSD,4123.92
2021-11-15 04:00:00,ETHUSD,4313.51
2021-11-14 04:00:00,ETHUSD,4705.77
2021-11-13 04:00:00,ETHUSD,4628.61
2021-11-12 04:00:00,ETHUSD,4643.05
2021-11-11 04:00:00,ETHUSD,4774.3
2021-11-10 04:00:00,ETHUSD,4636.05
2021-11-09 04:00:00,ETHUSD,4692.89
2021-11-08 04:00:00,ETHUSD,4816
2021-11-07 04:00:00,ETHUSD,4724.67
2021-11-06 04:00:00,ETHUSD,4554.24
2021-11-05 04:00:00,ETHUSD,4496.29
2021-11-04 04:00:00,ETHUSD,4547.08
2021-11-03 04:00:00,ETHUSD,4561.04
2021-11-02 04:00:00,ETHUSD,4592.82
2021-11-01 04:00:00,ETHUSD,4323.29
2021-10-31 04:00:00,ETHUSD,4192.86
2021-10-30 04:00:00,ETHUSD,4374.08
2021-10-29 04:00:00,ETHUSD,4340.29
2021-10-28 04:00:00,ETHUSD,4383.88
2021-10-27 04:00:00,ETHUSD,3997.38
2021-10-26 04:00:00,ETHUSD,4210.38
2021-10-25 04:00:00,ETHUSD,4224.23
2021-10-24 04:00:00,ETHUSD,4141.67
2021-10-23 04:00:00,ETHUSD,4134.55
2021-10-22 04:00:00,ETHUSD,4023.62
2021-10-21 04:00:00,ETHUSD,4155
2021-10-20 04:00:00,ETHUSD,4186.78
2021-10-19 04:00:00,ETHUSD,3840
2021-10-18 04:00:00,ETHUSD,3823.49
2021-10-17 04:00:00,ETHUSD,3851.23
2021-10-16 04:00:00,ETHUSD,3879.57
2021-10-15 04:00:00,ETHUSD,3838.83
2021-10-14 04:00:00,ETHUSD,3821.98
2021-10-13 04:00:00,ETHUSD,3645.22
2021-10-12 04:00:00,ETHUSD,3500.86
2021-10-11 04:00:00,ETHUSD,3485
2021-10-10 04:00:00,ETHUSD,3520.48
2021-10-09 04:00:00,ETHUSD,3532.35
2021-10-08 04:00:00,ETHUSD,3582.09
2021-10-07 04:00:00,ETHUSD,3573.71
2021-10-06 04:00:00,ETHUSD,3521.5
2021-10-05 04:00:00,ETHUSD,3490.64
2021-10-04 04:00:00,ETHUSD,3388.11
2021-10-03 04:00:00,ETHUSD,3339.31
2021-10-02 04:00:00,ETHUSD,3404.04
2021-10-01 04:00:00,ETHUSD,3268.38
2021-09-30 04:00:00,ETHUSD,3003.24
2021-09-29 04:00:00,ETHUSD,3028.29
2021-09-28 04:00:00,ETHUSD,2895.84
2021-09-27 04:00:00,ETHUSD,2948.59
2021-09-26 04:00:00,ETHUSD,3131
2021-09-25 04:00:00,ETHUSD,2866.76
2021-09-24 04:00:00,ETHUSD,2916.14
2021-09-23 04:00:00,ETHUSD,3077.15
2021-09-22 04:00:00,ETHUSD,3120.38
2021-09-21 04:00:00,ETHUSD,2869.31
2021-09-20 04:00:00,ETHUSD,2998.29
2021-09-19 04:00:00,ETHUSD,3187.56
2021-09-18 04:00:00,ETHUSD,3413.18
2021-09-17 04:00:00,ETHUSD,3452.36
2021-09-16 04:00:00,ETHUSD,3563.75
2021-09-15 04:00:00,ETHUSD,3545.21
2021-09-14 04:00:00,ETHUSD,3398.63
2021-09-13 04:00:00,ETHUSD,3291.39
2021-09-12 04:00:00,ETHUSD,3257.9
2021-09-11 04:00:00,ETHUSD,3327.79
2021-09-10 04:00:00,ETHUSD,3241.07
2021-09-09 04:00:00,ETHUSD,3465.73
2021-09-08 04:00:00,ETHUSD,3469.52
2021-09-07 04:00:00,ETHUSD,3432.88
2021-09-06 04:00:00,ETHUSD,3914.03
2021-09-05 04:00:00,ETHUSD,3905.5
2021-09-04 04:00:00,ETHUSD,3848.06
2021-09-03 04:00:00,ETHUSD,3920.51
2021-09-02 04:00:00,ETHUSD,3807.36
2021-09-01 04:00:00,ETHUSD,3766.97
2021-08-31 04:00:00,ETHUSD,3447
2021-08-30 04:00:00,ETHUSD,3239.06
2021-08-29 04:00:00,ETHUSD,3163.88
2021-08-28 04:00:00,ETHUSD,3182.9
2021-08-27 04:00:00,ETHUSD,3247.08
2021-08-26 04:00:00,ETHUSD,3093.95
2021-08-25 04:00:00,ETHUSD,3147.05
2021-08-24 04:00:00,ETHUSD,3176.42
2021-08-23 04:00:00,ETHUSD,3326.28
2021-08-22 04:00:00,ETHUSD,3343.53
2021-08-21 04:00:00,ETHUSD,3228.24
2021-08-20 04:00:00,ETHUSD,3278.28
2021-08-19 04:00:00,ETHUSD,3217.82
2021-08-18 04:00:00,ETHUSD,2967.28
2021-08-17 04:00:00,ETHUSD,3050.05
2021-08-16 04:00:00,ETHUSD,3194.09
2021-08-15 04:00:00,ETHUSD,3263.91
2021-08-14 04:00:00,ETHUSD,3248.9
2021-08-13 04:00:00,ETHUSD,3297.97
2021-08-12 04:00:00,ETHUSD,3118.23
2021-08-11 04:00:00,ETHUSD,3212.22
2021-08-10 04:00:00,ETHUSD,3159.84
2021-08-09 04:00:00,ETHUSD,3117.19
2021-08-08 04:00:00,ETHUSD,2951.5
2021-08-07 04:00:00,ETHUSD,3123.13
2021-08-06 04:00:00,ETHUSD,2936.8
2021-08-05 04:00:00,ETHUSD,2762.79
2021-08-04 04:00:00,ETHUSD,2712.12
2021-08-03 04:00:00,ETHUSD,2484.04
2021-08-02 04:00:00,ETHUSD,2532
2021-08-01 04:00:00,ETHUSD,2561.21
2021-07-31 04:00:00,ETHUSD,2617.36
2021-07-30 04:00:00,ETHUSD,2464.92
2021-07-29 04:00:00,ETHUSD,2423.57
2021-07-28 04:00:00,ETHUSD,2278.28
2021-07-27 04:00:00,ETHUSD,2289.39
2021-07-26 04:00:00,ETHUSD,2172.86
2021-07-25 04:00:00,ETHUSD,2317.31
2021-07-24 04:00:00,ETHUSD,2153.95
2021-07-23 04:00:00,ETHUSD,2139.14
2021-07-22 04:00:00,ETHUSD,2059.65
2021-07-21 04:00:00,ETHUSD,1977.72
2021-07-20 04:00:00,ETHUSD,1802
2021-07-19 04:00:00,ETHUSD,1728.91
2021-07-18 04:00:00,ETHUSD,1885.54
2021-07-17 04:00:00,ETHUSD,1982.38
2021-07-16 04:00:00,ETHUSD,1867.19
2021-07-15 04:00:00,ETHUSD,1949.43
2021-07-14 04:00:00,ETHUSD,1979.57
2021-07-13 04:00:00,ETHUSD,1885.94
2021-07-12 04:00:00,ETHUSD,2029.98
2021-07-11 04:00:00,ETHUSD,2163.32
2021-07-10 04:00:00,ETHUSD,2090.3
2021-07-09 04:00:00,ETHUSD,2133.38
2021-07-08 04:00:00,ETHUSD,2120.61
2021-07-07 04:00:00,ETHUSD,2257.03
2021-07-06 04:00:00,ETHUSD,2340.15
2021-07-05 04:00:00,ETHUSD,2238.65
2021-07-04 04:00:00,ETHUSD,2266.82
2021-07-03 04:00:00,ETHUSD,2211.54
2021-07-02 04:00:00,ETHUSD,2132.53
2021-07-01 04:00:00,ETHUSD,2041.44
2021-06-30 04:00:00,ETHUSD,2185.02
2021-06-29 04:00:00,ETHUSD,2126.36
2021-06-28 04:00:00,ETHUSD,2103.94
2021-06-27 04:00:00,ETHUSD,1967.55
2021-06-26 04:00:00,ETHUSD,1882.36
2021-06-25 04:00:00,ETHUSD,1819.78
2021-06-24 04:00:00,ETHUSD,1979.23
2021-06-23 04:00:00,ETHUSD,1907.7
2021-06-22 04:00:00,ETHUSD,2013.18
2021-06-21 04:00:00,ETHUSD,1975.32
2021-06-20 04:00:00,ETHUSD,2156.31
2021-06-19 04:00:00,ETHUSD,2184.45
2021-06-18 04:00:00,ETHUSD,2189.68
2021-06-17 04:00:00,ETHUSD,2341.47
2021-06-16 04:00:00,ETHUSD,2434.08
2021-06-15 04:00:00,ETHUSD,2523.51
2021-06-14 04:00:00,ETHUSD,2588.18
2021-06-13 04:00:00,ETHUSD,2480.11
2021-06-12 04:00:00,ETHUSD,2336.26
2021-06-11 04:00:00,ETHUSD,2302.61
2021-06-10 04:00:00,ETHUSD,2466.79
2021-06-09 04:00:00,ETHUSD,2563.86
2021-06-08 04:00:00,ETHUSD,2457.75
2021-06-07 04:00:00,ETHUSD,2492.28
2021-06-06 04:00:00,ETHUSD,2767.65
2021-06-05 04:00:00,ETHUSD,2676.94
2021-06-04 04:00:00,ETHUSD,2764.4
2021-06-03 04:00:00,ETHUSD,2756.43
2021-06-02 04:00:00,ETHUSD,2723.51
2021-06-01 04:00:00,ETHUSD,2616.21
2021-05-31 04:00:00,ETHUSD,2630.09
2021-05-30 04:00:00,ETHUSD,2305.17
2021-05-29 04:00:00,ETHUSD,2297.67
2021-05-28 04:00:00,ETHUSD,2528.75
2021-05-27 04:00:00,ETHUSD,2719.05
2021-05-26 04:00:00,ETHUSD,2680
2021-05-25 04:00:00,ETHUSD,2845
2021-05-24 04:00:00,ETHUSD,2587.05
2021-05-23 04:00:00,ETHUSD,2142.79
2021-05-22 04:00:00,ETHUSD,2321.9
2021-05-21 04:00:00,ETHUSD,2329.3
2021-05-20 04:00:00,ETHUSD,2797.77
2021-05-19 04:00:00,ETHUSD,2480.76
2021-05-18 04:00:00,ETHUSD,3095.05
2021-05-17 04:00:00,ETHUSD,3389.88
2021-05-16 04:00:00,ETHUSD,3241.01
2021-05-15 04:00:00,ETHUSD,3827.63
2021-05-14 04:00:00,ETHUSD,4029.76
2021-05-13 04:00:00,ETHUSD,3793.48
2021-05-12 04:00:00,ETHUSD,3948.64
2021-05-11 04:00:00,ETHUSD,4336.21
2021-05-10 04:00:00,ETHUSD,3857.5
2021-05-09 04:00:00,ETHUSD,4060.21
2021-05-08 04:00:00,ETHUSD,3874.49
2021-05-07 04:00:00,ETHUSD,3539.73
2021-05-06 04:00:00,ETHUSD,3427.49
2021-05-05 04:00:00,ETHUSD,3478.06
2021-05-04 04:00:00,ETHUSD,3299.56
2021-05-03 04:00:00,ETHUSD,3237.67
2021-05-02 04:00:00,ETHUSD,3054.86
2021-05-01 04:00:00,ETHUSD,2906.97
2021-04-30 04:00:00,ETHUSD,2844.35
2021-04-29 04:00:00,ETHUSD,2746.72
2021-04-28 04:00:00,ETHUSD,2698.5
2021-04-27 04:00:00,ETHUSD,2632.23
2021-04-26 04:00:00,ETHUSD,2497.07
2021-04-25 04:00:00,ETHUSD,2456.56
2021-04-24 04:00:00,ETHUSD,2190.65
2021-04-23 04:00:00,ETHUSD,2298.28
2021-04-22 04:00:00,ETHUSD,2284.47
2021-04-21 04:00:00,ETHUSD,2388.05
2021-04-20 04:00:00,ETHUSD,2288.99
2021-04-19 04:00:00,ETHUSD,2109.77
2021-04-18 04:00:00,ETHUSD,2271.21
2021-04-17 04:00:00,ETHUSD,2180
2021-04-16 04:00:00,ETHUSD,2489.82
2021-04-15 04:00:00,ETHUSD,2500.32
2021-04-14 04:00:00,ETHUSD,2475.01
2021-04-13 04:00:00,ETHUSD,2347.98
2021-04-12 04:00:00,ETHUSD,2162.34
2021-04-11 04:00:00,ETHUSD,2148.9
2021-04-10 04:00:00,ETHUSD,2144.42
2021-04-09 04:00:00,ETHUSD,2142.08
2021-04-08 04:00:00,ETHUSD,2072.93
2021-04-07 04:00:00,ETHUSD,1997.47
2021-04-06 04:00:00,ETHUSD,2105.16
2021-04-05 04:00:00,ETHUSD,2116.1
2021-04-04 04:00:00,ETHUSD,2029.09
2021-04-03 04:00:00,ETHUSD,2016.73
2021-04-02 04:00:00,ETHUSD,2093.49
2021-04-01 04:00:00,ETHUSD,1993.87
2021-03-31 04:00:00,ETHUSD,1924.25
2021-03-30 04:00:00,ETHUSD,1820.42
2021-03-29 04:00:00,ETHUSD,1796.29
2021-03-28 04:00:00,ETHUSD,1695.8
2021-03-27 04:00:00,ETHUSD,1711.61
2021-03-26 04:00:00,ETHUSD,1694.48
2021-03-25 04:00:00,ETHUSD,1620.62
2021-03-24 04:00:00,ETHUSD,1572.81
2021-03-23 04:00:00,ETHUSD,1679.83
2021-03-22 04:00:00,ETHUSD,1702.34
2021-03-21 04:00:00,ETHUSD,1784.51
2021-03-20 04:00:00,ETHUSD,1788.6
2021-03-19 04:00:00,ETHUSD,1834.16
2021-03-18 04:00:00,ETHUSD,1781.08
2021-03-17 04:00:00,ETHUSD,1834.24
2021-03-16 04:00:00,ETHUSD,1768.88
2021-03-15 04:00:00,ETHUSD,1749.65
2021-03-14 04:00:00,ETHUSD,1883.32
2021-03-13 04:00:00,ETHUSD,1910.54
2021-03-12 04:00:00,ETHUSD,1759.54
2021-03-11 04:00:00,ETHUSD,1818.64
2021-03-10 04:00:00,ETHUSD,1803.2
2021-03-09 04:00:00,ETHUSD,1778.06
2021-03-08 04:00:00,ETHUSD,1850.69
2021-03-07 04:00:00,ETHUSD,1725.08
2021-03-06 04:00:00,ETHUSD,1650.74
2021-03-05 04:00:00,ETHUSD,1531.74
2021-03-04 04:00:00,ETHUSD,1482.82
2021-03-03 04:00:00,ETHUSD,1555.9
2021-03-02 04:00:00,ETHUSD,1521.26
2021-03-01 04:00:00,ETHUSD,1558.78
2021-02-28 04:00:00,ETHUSD,1435.21
2021-02-27 04:00:00,ETHUSD,1371.19
2021-02-26 04:00:00,ETHUSD,1491.32
2021-02-25 04:00:00,ETHUSD,1491.66
2021-02-24 04:00:00,ETHUSD,1606.72
2021-02-23 04:00:00,ETHUSD,1640.95
2021-02-22 04:00:00,ETHUSD,1678.88
2021-02-21 04:00:00,ETHUSD,1871.71
2021-02-20 04:00:00,ETHUSD,1935.3
2021-02-19 04:00:00,ETHUSD,2016.34
2021-02-18 04:00:00,ETHUSD,1910.18
2021-02-17 04:00:00,ETHUSD,1893.59
2021-02-16 04:00:00,ETHUSD,1754.57
2021-02-15 04:00:00,ETHUSD,1820.46
2021-02-14 04:00:00,ETHUSD,1730.44
2021-02-13 04:00:00,ETHUSD,1811.68
2021-02-12 04:00:00,ETHUSD,1869.36
2021-02-11 04:00:00,ETHUSD,1766.87
2021-02-10 04:00:00,ETHUSD,1745.01
2021-02-09 04:00:00,ETHUSD,1813.21
2021-02-08 04:00:00,ETHUSD,1737.94
2021-02-07 04:00:00,ETHUSD,1582.45
2021-02-06 04:00:00,ETHUSD,1629.06
2021-02-05 04:00:00,ETHUSD,1682.89
2021-02-04 04:00:00,ETHUSD,1641.97
2021-02-03 04:00:00,ETHUSD,1648.62
2021-02-02 04:00:00,ETHUSD,1541.68
2021-02-01 04:00:00,ETHUSD,1370
2021-01-31 04:00:00,ETHUSD,1318.18
2021-01-30 04:00:00,ETHUSD,1359.22
2021-01-29 04:00:00,ETHUSD,1342.34
2021-01-28 04:00:00,ETHUSD,1323.98
2021-01-27 04:00:00,ETHUSD,1291.66
2021-01-26 04:00:00,ETHUSD,1311.11
2021-01-25 04:00:00,ETHUSD,1314.85
2021-01-24 04:00:00,ETHUSD,1428.59
2021-01-23 04:00:00,ETHUSD,1295.1
2021-01-22 04:00:00,ETHUSD,1234.14
2021-01-21 04:00:00,ETHUSD,1160.47
2021-01-20 04:00:00,ETHUSD,1327.31
2021-01-19 04:00:00,ETHUSD,1342.27
2021-01-18 04:00:00,ETHUSD,1322.18
2021-01-17 04:00:00,ETHUSD,1193.62
2021-01-16 04:00:00,ETHUSD,1241.89
2021-01-15 04:00:00,ETHUSD,1179.36
2021-01-14 04:00:00,ETHUSD,1219
2021-01-13 04:00:00,ETHUSD,1097.76
2021-01-12 04:00:00,ETHUSD,1045.77
2021-01-11 04:00:00,ETHUSD,1088.38
2021-01-10 04:00:00,ETHUSD,1101.2
2021-01-09 04:00:00,ETHUSD,1315.43
2021-01-08 04:00:00,ETHUSD,1227.74
2021-01-07 04:00:00,ETHUSD,1152.91
2021-01-06 04:00:00,ETHUSD,1218.41
2021-01-05 04:00:00,ETHUSD,1080.09
2021-01-04 04:00:00,ETHUSD,1001.72
2021-01-03 04:00:00,ETHUSD,1023.12
2021-01-02 04:00:00,ETHUSD,773.66
2021-01-01 04:00:00,ETHUSD,732.14
2020-12-31 04:00:00,ETHUSD,746.69
2020-12-30 04:00:00,ETHUSD,743.7
2020-12-29 04:00:00,ETHUSD,732.69
2020-12-28 04:00:00,ETHUSD,698.91
2020-12-27 04:00:00,ETHUSD,703.28
2020-12-26 04:00:00,ETHUSD,643.47
2020-12-25 04:00:00,ETHUSD,633.99
2020-12-24 04:00:00,ETHUSD,605.86
2020-12-23 04:00:00,ETHUSD,574.95
2020-12-22 04:00:00,ETHUSD,622.78
2020-12-21 04:00:00,ETHUSD,610.01
2020-12-20 04:00:00,ETHUSD,645.28
2020-12-19 04:00:00,ETHUSD,647.62
2020-12-18 04:00:00,ETHUSD,656.84
2020-12-17 04:00:00,ETHUSD,643.87
2020-12-16 04:00:00,ETHUSD,637.13
2020-12-15 04:00:00,ETHUSD,583.91
2020-12-14 04:00:00,ETHUSD,593.22
2020-12-13 04:00:00,ETHUSD,590.61
2020-12-12 04:00:00,ETHUSD,565.56
2020-12-11 04:00:00,ETHUSD,554.7
2020-12-10 04:00:00,ETHUSD,547.43
2020-12-09 04:00:00,ETHUSD,567.47
2020-12-08 04:00:00,ETHUSD,552
2020-12-07 04:00:00,ETHUSD,588.56
2020-12-06 04:00:00,ETHUSD,595.38
2020-12-05 04:00:00,ETHUSD,597.47
2020-12-04 04:00:00,ETHUSD,576.12
2020-12-03 04:00:00,ETHUSD,602.86
2020-12-02 04:00:00,ETHUSD,595.79
2020-12-01 04:00:00,ETHUSD,585.15
2020-11-30 04:00:00,ETHUSD,605.35
2020-11-29 04:00:00,ETHUSD,588.8
2020-11-28 04:00:00,ETHUSD,543.73
2020-11-27 04:00:00,ETHUSD,515.39
2020-11-26 04:00:00,ETHUSD,519.97
2020-11-25 04:00:00,ETHUSD,534.37
2020-11-24 04:00:00,ETHUSD,585.19
2020-11-23 04:00:00,ETHUSD,614.38
2020-11-22 04:00:00,ETHUSD,574.51
2020-11-21 04:00:00,ETHUSD,549.85
2020-11-20 04:00:00,ETHUSD,508.78
2020-11-19 04:00:00,ETHUSD,485.13
2020-11-18 04:00:00,ETHUSD,478.43
2020-11-17 04:00:00,ETHUSD,488.63
2020-11-16 04:00:00,ETHUSD,462.4
2020-11-15 04:00:00,ETHUSD,449.99
2020-11-14 04:00:00,ETHUSD,457.94
2020-11-13 04:00:00,ETHUSD,472.04
2020-11-12 04:00:00,ETHUSD,464.49
2020-11-11 04:00:00,ETHUSD,458.74
2020-11-10 04:00:00,ETHUSD,463.33
2020-11-09 04:00:00,ETHUSD,449.66
2020-11-08 04:00:00,ETHUSD,452.82
2020-11-07 04:00:00,ETHUSD,439.26
2020-11-06 04:00:00,ETHUSD,459.41
2020-11-05 04:00:00,ETHUSD,427.75
2020-11-04 04:00:00,ETHUSD,405.43
2020-11-03 04:00:00,ETHUSD,386.89
2020-11-02 04:00:00,ETHUSD,374.53
2020-11-01 04:00:00,ETHUSD,399.53
2020-10-31 04:00:00,ETHUSD,386.88
2020-10-30 04:00:00,ETHUSD,383.29
2020-10-29 04:00:00,ETHUSD,385.52
2020-10-28 04:00:00,ETHUSD,392.01
2020-10-27 04:00:00,ETHUSD,406.3
2020-10-26 04:00:00,ETHUSD,393.41
2020-10-25 04:00:00,ETHUSD,409.38
2020-10-24 04:00:00,ETHUSD,415.47
2020-10-23 04:00:00,ETHUSD,412.01
2020-10-22 04:00:00,ETHUSD,414
2020-10-21 04:00:00,ETHUSD,393.33
2020-10-20 04:00:00,ETHUSD,378.44
2020-10-19 04:00:00,ETHUSD,380.11
2020-10-18 04:00:00,ETHUSD,374.04
2020-10-17 04:00:00,ETHUSD,368.77
2020-10-16 04:00:00,ETHUSD,368.38
2020-10-15 04:00:00,ETHUSD,378.36
2020-10-14 04:00:00,ETHUSD,376.83
2020-10-13 04:00:00,ETHUSD,381.65
2020-10-12 04:00:00,ETHUSD,383.09
2020-10-11 04:00:00,ETHUSD,374.74
2020-10-10 04:00:00,ETHUSD,370.76
2020-10-09 04:00:00,ETHUSD,376.1
2020-10-08 04:00:00,ETHUSD,350.03
2020-10-07 04:00:00,ETHUSD,339.51
2020-10-06 04:00:00,ETHUSD,337.02
2020-10-05 04:00:00,ETHUSD,353.63
2020-10-04 04:00:00,ETHUSD,351.98
2020-10-03 04:00:00,ETHUSD,345.98
2020-10-02 04:00:00,ETHUSD,348.81
2020-10-01 04:00:00,ETHUSD,352.99
2020-09-30 04:00:00,ETHUSD,362.34
2020-09-29 04:00:00,ETHUSD,355.79
2020-09-28 04:00:00,ETHUSD,353.3
2020-09-27 04:00:00,ETHUSD,358.06
2020-09-26 04:00:00,ETHUSD,359.61
2020-09-25 04:00:00,ETHUSD,350.95
2020-09-24 04:00:00,ETHUSD,344.81
2020-09-23 04:00:00,ETHUSD,324.98
2020-09-22 04:00:00,ETHUSD,341.28
2020-09-21 04:00:00,ETHUSD,342.99
2020-09-20 04:00:00,ETHUSD,374.99
2020-09-19 04:00:00,ETHUSD,381.55
2020-09-18 04:00:00,ETHUSD,383.18
2020-09-17 04:00:00,ETHUSD,387.45
2020-09-16 04:00:00,ETHUSD,377
2020-09-15 04:00:00,ETHUSD,360.09
2020-09-14 04:00:00,ETHUSD,376.1
2020-09-13 04:00:00,ETHUSD,366.22
2020-09-12 04:00:00,ETHUSD,389.03
2020-09-11 04:00:00,ETHUSD,369.86
2020-09-10 04:00:00,ETHUSD,357.02
2020-09-09 04:00:00,ETHUSD,370.96
2020-09-08 04:00:00,ETHUSD,334
2020-09-07 04:00:00,ETHUSD,349.33
2020-09-06 04:00:00,ETHUSD,348.44
2020-09-05 04:00:00,ETHUSD,328.75
2020-09-04 04:00:00,ETHUSD,387.58
2020-09-03 04:00:00,ETHUSD,383.69
2020-09-02 04:00:00,ETHUSD,443.19
2020-09-01 04:00:00,ETHUSD,470.28
2020-08-31 04:00:00,ETHUSD,443.88
2020-08-30 04:00:00,ETHUSD,425.68
2020-08-29 04:00:00,ETHUSD,405.16
2020-08-28 04:00:00,ETHUSD,394.86
2020-08-27 04:00:00,ETHUSD,386.55
2020-08-26 04:00:00,ETHUSD,384.45
2020-08-25 04:00:00,ETHUSD,386.57
2020-08-24 04:00:00,ETHUSD,401.32
2020-08-23 04:00:00,ETHUSD,393.39
2020-08-22 04:00:00,ETHUSD,390.23
2020-08-21 04:00:00,ETHUSD,385.45
2020-08-20 04:00:00,ETHUSD,416.44
2020-08-19 04:00:00,ETHUSD,407
2020-08-18 04:00:00,ETHUSD,415.62
2020-08-17 04:00:00,ETHUSD,430.83
2020-08-16 04:00:00,ETHUSD,427.09
2020-08-15 04:00:00,ETHUSD,426.78
2020-08-14 04:00:00,ETHUSD,439.68
2020-08-13 04:00:00,ETHUSD,421.67
2020-08-12 04:00:00,ETHUSD,395
2020-08-11 04:00:00,ETHUSD,377.83
2020-08-10 04:00:00,ETHUSD,394.17
2020-08-09 04:00:00,ETHUSD,398.13
2020-08-08 04:00:00,ETHUSD,396.03
2020-08-07 04:00:00,ETHUSD,378.35
2020-08-06 04:00:00,ETHUSD,396.14
2020-08-05 04:00:00,ETHUSD,396.13
2020-08-04 04:00:00,ETHUSD,389.6
2020-08-03 04:00:00,ETHUSD,391.28
2020-08-02 04:00:00,ETHUSD,379.35
2020-08-01 04:00:00,ETHUSD,408.37
2020-07-31 04:00:00,ETHUSD,352.6
2020-07-30 04:00:00,ETHUSD,329.46
2020-07-29 04:00:00,ETHUSD,316.64
2020-07-28 04:00:00,ETHUSD,316.59
2020-07-27 04:00:00,ETHUSD,320.15
2020-07-26 04:00:00,ETHUSD,325.83
2020-07-25 04:00:00,ETHUSD,303.14
2020-07-24 04:00:00,ETHUSD,283.45
2020-07-23 04:00:00,ETHUSD,273.54
2020-07-22 04:00:00,ETHUSD,264.26
2020-07-21 04:00:00,ETHUSD,244.8
2020-07-20 04:00:00,ETHUSD,236.88
2020-07-19 04:00:00,ETHUSD,238.91
2020-07-18 04:00:00,ETHUSD,235.24
2020-07-17 04:00:00,ETHUSD,233.12
2020-07-16 04:00:00,ETHUSD,233.23
2020-07-15 04:00:00,ETHUSD,238.18
2020-07-14 04:00:00,ETHUSD,239.29
2020-07-13 04:00:00,ETHUSD,238.85
2020-07-12 04:00:00,ETHUSD,241.55
2020-07-11 04:00:00,ETHUSD,240.91
2020-07-10 04:00:00,ETHUSD,240.3
2020-07-09 04:00:00,ETHUSD,240.18
2020-07-08 04:00:00,ETHUSD,244.82
2020-07-07 04:00:00,ETHUSD,241.75
2020-07-06 04:00:00,ETHUSD,239.49
2020-07-05 04:00:00,ETHUSD,227.84
2020-07-04 04:00:00,ETHUSD,228.19
2020-07-03 04:00:00,ETHUSD,226.18
2020-07-02 04:00:00,ETHUSD,226.52
2020-07-01 04:00:00,ETHUSD,231.17
2020-06-30 04:00:00,ETHUSD,225.57
2020-06-29 04:00:00,ETHUSD,227.26
2020-06-28 04:00:00,ETHUSD,224.39
2020-06-27 04:00:00,ETHUSD,219.23
2020-06-26 04:00:00,ETHUSD,229.45
2020-06-25 04:00:00,ETHUSD,232.2
2020-06-24 04:00:00,ETHUSD,229.42
2020-06-23 04:00:00,ETHUSD,245.19
2020-06-22 04:00:00,ETHUSD,242.74
2020-06-21 04:00:00,ETHUSD,234.25
2020-06-20 04:00:00,ETHUSD,229.6
2020-06-19 04:00:00,ETHUSD,230.29
2020-06-18 04:00:00,ETHUSD,227.54
2020-06-17 04:00:00,ETHUSD,233.31
2020-06-16 04:00:00,ETHUSD,232.77
2020-06-15 04:00:00,ETHUSD,233.03
2020-06-14 04:00:00,ETHUSD,225.47
2020-06-13 04:00:00,ETHUSD,237.66
2020-06-12 04:00:00,ETHUSD,235.79
2020-06-11 04:00:00,ETHUSD,233.24
2020-06-10 04:00:00,ETHUSD,248.14
2020-06-09 04:00:00,ETHUSD,243.99
2020-06-08 04:00:00,ETHUSD,243.46
2020-06-07 04:00:00,ETHUSD,244.27
2020-06-06 04:00:00,ETHUSD,243.26
2020-06-05 04:00:00,ETHUSD,240.11
2020-06-04 04:00:00,ETHUSD,242.44
2020-06-03 04:00:00,ETHUSD,245.55
2020-06-02 04:00:00,ETHUSD,235.73
2020-06-01 04:00:00,ETHUSD,247.3
2020-05-31 04:00:00,ETHUSD,238.68
2020-05-30 04:00:00,ETHUSD,237.41
2020-05-29 04:00:00,ETHUSD,222.87
2020-05-28 04:00:00,ETHUSD,221.95
2020-05-27 04:00:00,ETHUSD,206.42
2020-05-26 04:00:00,ETHUSD,201.82
2020-05-25 04:00:00,ETHUSD,204.96
2020-05-24 04:00:00,ETHUSD,202.38
2020-05-23 04:00:00,ETHUSD,209.23
2020-05-22 04:00:00,ETHUSD,209.86
2020-05-21 04:00:00,ETHUSD,196.84
2020-05-20 04:00:00,ETHUSD,208.9
2020-05-19 04:00:00,ETHUSD,212.76
2020-05-18 04:00:00,ETHUSD,210.18
2020-05-17 04:00:00,ETHUSD,215.14
2020-05-16 04:00:00,ETHUSD,201.53
2020-05-15 04:00:00,ETHUSD,198.88
2020-05-14 04:00:00,ETHUSD,199.44
2020-05-13 04:00:00,ETHUSD,199.25
2020-05-12 04:00:00,ETHUSD,190.79
2020-05-11 04:00:00,ETHUSD,188.86
2020-05-10 04:00:00,ETHUSD,189.06
2020-05-09 04:00:00,ETHUSD,186.14
2020-05-08 04:00:00,ETHUSD,213.98
2020-05-07 04:00:00,ETHUSD,213.16
2020-05-06 04:00:00,ETHUSD,205.31
2020-05-05 04:00:00,ETHUSD,206.83
2020-05-04 04:00:00,ETHUSD,206.49
2020-05-03 04:00:00,ETHUSD,203.98
2020-05-02 04:00:00,ETHUSD,218.25
2020-05-01 04:00:00,ETHUSD,213.4
2020-04-30 04:00:00,ETHUSD,208.78
2020-04-29 04:00:00,ETHUSD,225.98
2020-04-28 04:00:00,ETHUSD,198.4
2020-04-27 04:00:00,ETHUSD,194.51
2020-04-26 04:00:00,ETHUSD,197.64
2020-04-25 04:00:00,ETHUSD,195.03
2020-04-24 04:00:00,ETHUSD,188.45
2020-04-23 04:00:00,ETHUSD,188.41
2020-04-22 04:00:00,ETHUSD,183.37
2020-04-21 04:00:00,ETHUSD,171.83
2020-04-20 04:00:00,ETHUSD,172.06
2020-04-19 04:00:00,ETHUSD,184.34
2020-04-18 04:00:00,ETHUSD,187.85
2020-04-17 04:00:00,ETHUSD,173.36
2020-04-16 04:00:00,ETHUSD,171.74
2020-04-15 04:00:00,ETHUSD,153.26
2020-04-14 04:00:00,ETHUSD,160.62
2020-04-13 04:00:00,ETHUSD,158.32
2020-04-12 04:00:00,ETHUSD,152.59
2020-04-11 04:00:00,ETHUSD,156.25
2020-04-10 04:00:00,ETHUSD,160.38
2020-04-09 04:00:00,ETHUSD,163.71
2020-04-08 04:00:00,ETHUSD,170.44
2020-04-07 04:00:00,ETHUSD,172.21
2020-04-06 04:00:00,ETHUSD,171.24
2020-04-05 04:00:00,ETHUSD,144.21
2020-04-04 04:00:00,ETHUSD,144.27
2020-04-03 04:00:00,ETHUSD,140.18
2020-04-02 04:00:00,ETHUSD,141.72
2020-04-01 04:00:00,ETHUSD,136.6
2020-03-31 04:00:00,ETHUSD,132.92
2020-03-30 04:00:00,ETHUSD,132.51
2020-03-29 04:00:00,ETHUSD,126.97
2020-03-28 04:00:00,ETHUSD,130.44
2020-03-27 04:00:00,ETHUSD,126.29
2020-03-26 04:00:00,ETHUSD,139.77
2020-03-25 04:00:00,ETHUSD,137.67
2020-03-24 04:00:00,ETHUSD,136.25
2020-03-23 04:00:00,ETHUSD,134.71
2020-03-22 04:00:00,ETHUSD,125.14
2020-03-21 04:00:00,ETHUSD,135.95
2020-03-20 04:00:00,ETHUSD,134.24
2020-03-19 04:00:00,ETHUSD,135.15
2020-03-18 04:00:00,ETHUSD,116.33
2020-03-17 04:00:00,ETHUSD,117.77
2020-03-16 04:00:00,ETHUSD,117.69
2020-03-15 04:00:00,ETHUSD,122
2020-03-14 04:00:00,ETHUSD,121.05
2020-03-13 04:00:00,ETHUSD,134.39
2020-03-12 04:00:00,ETHUSD,135.47
2020-03-11 04:00:00,ETHUSD,183.11
2020-03-10 04:00:00,ETHUSD,201.84
2020-03-09 04:00:00,ETHUSD,202.63
2020-03-08 04:00:00,ETHUSD,201.83
2020-03-07 04:00:00,ETHUSD,231.69
2020-03-06 04:00:00,ETHUSD,244.46
2020-03-05 04:00:00,ETHUSD,229.67
2020-03-04 04:00:00,ETHUSD,226.8
2020-03-03 04:00:00,ETHUSD,226.38
2020-03-02 04:00:00,ETHUSD,231.97
2020-03-01 04:00:00,ETHUSD,218.82
2020-02-29 04:00:00,ETHUSD,223.69
2020-02-28 04:00:00,ETHUSD,230.58
2020-02-27 04:00:00,ETHUSD,230.08
2020-02-26 04:00:00,ETHUSD,218.53
2020-02-25 04:00:00,ETHUSD,238.72
2020-02-24 04:00:00,ETHUSD,261.9
2020-02-23 04:00:00,ETHUSD,268.54
2020-02-22 04:00:00,ETHUSD,265.74
2020-02-21 04:00:00,ETHUSD,263.02
2020-02-20 04:00:00,ETHUSD,262.66
2020-02-19 04:00:00,ETHUSD,260.87
2020-02-18 04:00:00,ETHUSD,280.29
2020-02-17 04:00:00,ETHUSD,268.9
2020-02-16 04:00:00,ETHUSD,249.76
2020-02-15 04:00:00,ETHUSD,271.17
2020-02-14 04:00:00,ETHUSD,282.62
2020-02-13 04:00:00,ETHUSD,266.6
2020-02-12 04:00:00,ETHUSD,269.9
2020-02-11 04:00:00,ETHUSD,245.15
2020-02-10 04:00:00,ETHUSD,218.8
2020-02-09 04:00:00,ETHUSD,225.41
2020-02-08 04:00:00,ETHUSD,228.86
2020-02-07 04:00:00,ETHUSD,217.56
2020-02-06 04:00:00,ETHUSD,217.06
2020-02-05 04:00:00,ETHUSD,206.26
2020-02-04 04:00:00,ETHUSD,189.05
2020-02-03 04:00:00,ETHUSD,187.58
2020-02-02 04:00:00,ETHUSD,191.42
2020-02-01 04:00:00,ETHUSD,180.34
2020-01-31 04:00:00,ETHUSD,182.65
2020-01-30 04:00:00,ETHUSD,183.01
2020-01-29 04:00:00,ETHUSD,172.98
2020-01-28 04:00:00,ETHUSD,176.4
2020-01-27 04:00:00,ETHUSD,172.8
2020-01-26 04:00:00,ETHUSD,167.45
2020-01-25 04:00:00,ETHUSD,161.18
2020-01-24 04:00:00,ETHUSD,158.89
2020-01-23 04:00:00,ETHUSD,159.13
2020-01-22 04:00:00,ETHUSD,164.86
2020-01-21 04:00:00,ETHUSD,168.4
2020-01-20 04:00:00,ETHUSD,167.62
2020-01-19 04:00:00,ETHUSD,165.24
2020-01-18 04:00:00,ETHUSD,176.26
2020-01-17 04:00:00,ETHUSD,171.76
2020-01-16 04:00:00,ETHUSD,164.86
2020-01-15 04:00:00,ETHUSD,159.77
2020-01-14 04:00:00,ETHUSD,162.78
2020-01-13 04:00:00,ETHUSD,149.24
2020-01-12 04:00:00,ETHUSD,143.55
2020-01-11 04:00:00,ETHUSD,143.86
2020-01-10 04:00:00,ETHUSD,143.79
2020-01-09 04:00:00,ETHUSD,136.56
2020-01-08 04:00:00,ETHUSD,139.81
2020-01-07 04:00:00,ETHUSD,144.77
2020-01-06 04:00:00,ETHUSD,143.65
2020-01-05 04:00:00,ETHUSD,139.38
2020-01-04 04:00:00,ETHUSD,136.06
2020-01-03 04:00:00,ETHUSD,133.36
2020-01-02 04:00:00,ETHUSD,126.4
2020-01-01 04:00:00,ETHUSD,128.62
2019-12-31 04:00:00,ETHUSD,129.83
2019-12-30 04:00:00,ETHUSD,130.91
2019-12-29 04:00:00,ETHUSD,133.94
2019-12-28 04:00:00,ETHUSD,127.86
2019-12-27 04:00:00,ETHUSD,126.93
2019-12-26 04:00:00,ETHUSD,126.1
2019-12-25 04:00:00,ETHUSD,124.28
2019-12-24 04:00:00,ETHUSD,125.73
2019-12-23 04:00:00,ETHUSD,127.77
2019-12-22 04:00:00,ETHUSD,133.74
2019-12-21 04:00:00,ETHUSD,127.26
2019-12-20 04:00:00,ETHUSD,127.5
2019-12-19 04:00:00,ETHUSD,129.29
2019-12-18 04:00:00,ETHUSD,129.29
2019-12-17 04:00:00,ETHUSD,123.85
2019-12-16 04:00:00,ETHUSD,141.29
2019-12-15 04:00:00,ETHUSD,141.29
2019-12-14 04:00:00,ETHUSD,140.93
2019-12-13 04:00:00,ETHUSD,144.5
2019-12-12 04:00:00,ETHUSD,141.9
2019-12-11 04:00:00,ETHUSD,141.9
2019-12-10 04:00:00,ETHUSD,145.22
2019-12-09 04:00:00,ETHUSD,147.13
2019-12-08 04:00:00,ETHUSD,150.48
2019-12-07 04:00:00,ETHUSD,146.97
2019-12-06 04:00:00,ETHUSD,148.69
2019-12-05 04:00:00,ETHUSD,144.99
2019-12-04 04:00:00,ETHUSD,144.99
2019-12-03 04:00:00,ETHUSD,144.76
2019-12-02 04:00:00,ETHUSD,149.3
2019-12-01 04:00:00,ETHUSD,150.2
2019-11-30 04:00:00,ETHUSD,146.89
2019-11-29 04:00:00,ETHUSD,154.1
2019-11-28 04:00:00,ETHUSD,152.63
2019-11-27 04:00:00,ETHUSD,152.59
2019-11-26 04:00:00,ETHUSD,145.41
2019-11-25 04:00:00,ETHUSD,149.13
2019-11-24 04:00:00,ETHUSD,136.82
2019-11-23 04:00:00,ETHUSD,150.13
2019-11-22 04:00:00,ETHUSD,151.89
2019-11-21 04:00:00,ETHUSD,175
2019-11-20 04:00:00,ETHUSD,175
2019-11-19 04:00:00,ETHUSD,176.89
2019-11-18 04:00:00,ETHUSD,176.89
2019-11-17 04:00:00,ETHUSD,182.95
2019-11-16 04:00:00,ETHUSD,181.68
2019-11-15 04:00:00,ETHUSD,179.63
2019-11-14 04:00:00,ETHUSD,181.75
2019-11-13 04:00:00,ETHUSD,187.27
2019-11-12 04:00:00,ETHUSD,185.13
2019-11-11 04:00:00,ETHUSD,185.13
2019-11-10 04:00:00,ETHUSD,188.9
2019-11-09 04:00:00,ETHUSD,183.97
2019-11-08 04:00:00,ETHUSD,184.41
2019-11-07 04:00:00,ETHUSD,187.8
2019-11-06 04:00:00,ETHUSD,189.38
2019-11-05 04:00:00,ETHUSD,189.89
2019-11-04 04:00:00,ETHUSD,186.24
2019-11-03 04:00:00,ETHUSD,181.36
2019-11-02 04:00:00,ETHUSD,184.4
2019-11-01 04:00:00,ETHUSD,183.25
2019-10-31 04:00:00,ETHUSD,180.7
2019-10-30 04:00:00,ETHUSD,182.88
2019-10-29 04:00:00,ETHUSD,189.7
2019-10-28 04:00:00,ETHUSD,184.27
2019-10-27 04:00:00,ETHUSD,184.8
2019-10-26 04:00:00,ETHUSD,178.31
2019-10-25 04:00:00,ETHUSD,186.61
2019-10-24 04:00:00,ETHUSD,160.24
2019-10-23 04:00:00,ETHUSD,160.24
2019-10-22 04:00:00,ETHUSD,166.71
2019-10-21 04:00:00,ETHUSD,175.14
2019-10-20 04:00:00,ETHUSD,174.68
2019-10-19 04:00:00,ETHUSD,170.33
2019-10-18 04:00:00,ETHUSD,173.94
2019-10-17 04:00:00,ETHUSD,175.87
2019-10-16 04:00:00,ETHUSD,173.61
2019-10-15 04:00:00,ETHUSD,179.35
2019-10-14 04:00:00,ETHUSD,185.25
2019-10-13 04:00:00,ETHUSD,182.53
2019-10-12 04:00:00,ETHUSD,182.01
2019-10-11 04:00:00,ETHUSD,182.75
2019-10-10 04:00:00,ETHUSD,193.06
2019-10-09 04:00:00,ETHUSD,193.51
2019-10-08 04:00:00,ETHUSD,179.89
2019-10-07 04:00:00,ETHUSD,182.66
2019-10-06 04:00:00,ETHUSD,172.14
2019-10-05 04:00:00,ETHUSD,175.05
2019-10-04 04:00:00,ETHUSD,175.94
2019-10-03 04:00:00,ETHUSD,180.04
2019-10-02 04:00:00,ETHUSD,180.04
2019-10-01 04:00:00,ETHUSD,176.06
2019-09-30 04:00:00,ETHUSD,182.97
2019-09-29 04:00:00,ETHUSD,168.58
2019-09-28 04:00:00,ETHUSD,171.37
2019-09-27 04:00:00,ETHUSD,174.95
2019-09-26 04:00:00,ETHUSD,165.02
2019-09-25 04:00:00,ETHUSD,168.54
2019-09-24 04:00:00,ETHUSD,170.27
2019-09-23 04:00:00,ETHUSD,201.11
2019-09-22 04:00:00,ETHUSD,208
2019-09-21 04:00:00,ETHUSD,209.2
2019-09-20 04:00:00,ETHUSD,218.93
2019-09-19 04:00:00,ETHUSD,204.58
2019-09-18 04:00:00,ETHUSD,204.58
2019-09-17 04:00:00,ETHUSD,211.23
2019-09-16 04:00:00,ETHUSD,197.6
2019-09-15 04:00:00,ETHUSD,194.05
2019-09-14 04:00:00,ETHUSD,186.7
2019-09-13 04:00:00,ETHUSD,180.53
2019-09-12 04:00:00,ETHUSD,180.67
2019-09-11 04:00:00,ETHUSD,177.98
2019-09-10 04:00:00,ETHUSD,179.78
2019-09-09 04:00:00,ETHUSD,182.55
2019-09-08 04:00:00,ETHUSD,178.39
2019-09-07 04:00:00,ETHUSD,183.28
2019-09-06 04:00:00,ETHUSD,169.36
2019-09-05 04:00:00,ETHUSD,174.59
2019-09-04 04:00:00,ETHUSD,174.8
2019-09-03 04:00:00,ETHUSD,179.83
2019-09-02 04:00:00,ETHUSD,178.88
2019-09-01 04:00:00,ETHUSD,171.18
2019-08-31 04:00:00,ETHUSD,173
2019-08-30 04:00:00,ETHUSD,169.24
2019-08-29 04:00:00,ETHUSD,167.87
2019-08-28 04:00:00,ETHUSD,169.43
2019-08-27 04:00:00,ETHUSD,185.23
2019-08-26 04:00:00,ETHUSD,185.83
2019-08-25 04:00:00,ETHUSD,190.62
2019-08-24 04:00:00,ETHUSD,190.12
2019-08-23 04:00:00,ETHUSD,192.63
2019-08-22 04:00:00,ETHUSD,191.9
2019-08-21 04:00:00,ETHUSD,184.32
2019-08-20 04:00:00,ETHUSD,190.7
2019-08-19 04:00:00,ETHUSD,198.25
2019-08-18 04:00:00,ETHUSD,196.3
2019-08-17 04:00:00,ETHUSD,184
2019-08-16 04:00:00,ETHUSD,184.32
2019-08-15 04:00:00,ETHUSD,186.76
2019-08-14 04:00:00,ETHUSD,183.86
2019-08-13 04:00:00,ETHUSD,207.75
2019-08-12 04:00:00,ETHUSD,209.74
2019-08-11 04:00:00,ETHUSD,213.88
2019-08-10 04:00:00,ETHUSD,210.48
2019-08-09 04:00:00,ETHUSD,211.51
2019-08-08 04:00:00,ETHUSD,217.33
2019-08-07 04:00:00,ETHUSD,225.49
2019-08-06 04:00:00,ETHUSD,226.3
2019-08-05 04:00:00,ETHUSD,228.4
2019-08-04 04:00:00,ETHUSD,229.72
2019-08-03 04:00:00,ETHUSD,219.64
2019-08-02 04:00:00,ETHUSD,222.29
2019-08-01 04:00:00,ETHUSD,216.03
2019-07-31 04:00:00,ETHUSD,214.12
2019-07-30 04:00:00,ETHUSD,212.11
2019-07-29 04:00:00,ETHUSD,206.72
2019-07-28 04:00:00,ETHUSD,212.33
2019-07-27 04:00:00,ETHUSD,207.4
2019-07-26 04:00:00,ETHUSD,222.66
2019-07-25 04:00:00,ETHUSD,214.76
2019-07-24 04:00:00,ETHUSD,222.4
2019-07-23 04:00:00,ETHUSD,204.59
2019-07-22 04:00:00,ETHUSD,216.43
2019-07-21 04:00:00,ETHUSD,226.05
2019-07-20 04:00:00,ETHUSD,224.5
2019-07-19 04:00:00,ETHUSD,227.1
2019-07-18 04:00:00,ETHUSD,222.83
2019-07-17 04:00:00,ETHUSD,212.75
2019-07-16 04:00:00,ETHUSD,197.95
2019-07-15 04:00:00,ETHUSD,227.81
2019-07-14 04:00:00,ETHUSD,222.48
2019-07-13 04:00:00,ETHUSD,268.76
2019-07-12 04:00:00,ETHUSD,273
2019-07-11 04:00:00,ETHUSD,268.23
2019-07-10 04:00:00,ETHUSD,283.31
2019-07-09 04:00:00,ETHUSD,311.38
2019-07-08 04:00:00,ETHUSD,315.32
2019-07-07 04:00:00,ETHUSD,305.42
2019-07-06 04:00:00,ETHUSD,287.59
2019-07-05 04:00:00,ETHUSD,294.21
2019-07-04 04:00:00,ETHUSD,285.45
2019-07-03 04:00:00,ETHUSD,298.23
2019-07-02 04:00:00,ETHUSD,295.1
2019-07-01 04:00:00,ETHUSD,298.5
2019-06-30 04:00:00,ETHUSD,298.5
2019-06-29 04:00:00,ETHUSD,319.01
2019-06-28 04:00:00,ETHUSD,294.59
2019-06-27 04:00:00,ETHUSD,294.25
2019-06-26 04:00:00,ETHUSD,334.85
2019-06-25 04:00:00,ETHUSD,331.02
2019-06-24 04:00:00,ETHUSD,310.58
2019-06-23 04:00:00,ETHUSD,302.06
2019-06-22 04:00:00,ETHUSD,313.56
2019-06-21 04:00:00,ETHUSD,303.5
2019-06-20 04:00:00,ETHUSD,280.35
2019-06-19 04:00:00,ETHUSD,270.16
2019-06-18 04:00:00,ETHUSD,265.77
2019-06-17 04:00:00,ETHUSD,271.03
2019-06-16 04:00:00,ETHUSD,270.85
2019-06-15 04:00:00,ETHUSD,271.73
2019-06-14 04:00:00,ETHUSD,264.8
2019-06-13 04:00:00,ETHUSD,253.93
2019-06-12 04:00:00,ETHUSD,259.61
2019-06-11 04:00:00,ETHUSD,248.91
2019-06-10 04:00:00,ETHUSD,245.39
2019-06-09 04:00:00,ETHUSD,234.63
2019-06-08 04:00:00,ETHUSD,242.11
2019-06-07 04:00:00,ETHUSD,247.51
2019-06-06 04:00:00,ETHUSD,246.41
2019-06-05 04:00:00,ETHUSD,247.19
2019-06-04 04:00:00,ETHUSD,242.14
2019-06-03 04:00:00,ETHUSD,243.71
2019-06-02 04:00:00,ETHUSD,268.94
2019-06-01 04:00:00,ETHUSD,265.88
2019-05-31 04:00:00,ETHUSD,269.74
2019-05-30 04:00:00,ETHUSD,253.03
2019-05-29 04:00:00,ETHUSD,283.03
2019-05-28 04:00:00,ETHUSD,268.46
2019-05-27 04:00:00,ETHUSD,271.31
2019-05-26 04:00:00,ETHUSD,269.04
2019-05-25 04:00:00,ETHUSD,248.86
2019-05-24 04:00:00,ETHUSD,252.22
2019-05-23 04:00:00,ETHUSD,245
2019-05-22 04:00:00,ETHUSD,243.5
2019-05-21 04:00:00,ETHUSD,256.23
2019-05-20 04:00:00,ETHUSD,251.7
2019-05-19 04:00:00,ETHUSD,255.32
2019-05-18 04:00:00,ETHUSD,253.12
2019-05-17 04:00:00,ETHUSD,243.93
2019-05-16 04:00:00,ETHUSD,238.72
2019-05-15 04:00:00,ETHUSD,269.92
2019-05-14 04:00:00,ETHUSD,229.99
2019-05-13 04:00:00,ETHUSD,209.15
2019-05-12 04:00:00,ETHUSD,188.97
2019-05-11 04:00:00,ETHUSD,193.94
2019-05-10 04:00:00,ETHUSD,175.95
2019-05-09 04:00:00,ETHUSD,170.49
2019-05-08 04:00:00,ETHUSD,170.77
2019-05-07 04:00:00,ETHUSD,166.83
2019-05-06 04:00:00,ETHUSD,178.05
2019-05-05 04:00:00,ETHUSD,159.25
2019-05-04 04:00:00,ETHUSD,162.45
2019-05-03 04:00:00,ETHUSD,164.56
2019-05-02 04:00:00,ETHUSD,159.26
2019-05-01 04:00:00,ETHUSD,158.72
2019-04-30 04:00:00,ETHUSD,160.49
2019-04-29 04:00:00,ETHUSD,154.57
2019-04-28 04:00:00,ETHUSD,154.05
2019-04-27 04:00:00,ETHUSD,155.46
2019-04-26 04:00:00,ETHUSD,153.73
2019-04-25 04:00:00,ETHUSD,152.96
2019-04-24 04:00:00,ETHUSD,164
2019-04-23 04:00:00,ETHUSD,169.97
2019-04-22 04:00:00,ETHUSD,172.41
2019-04-21 04:00:00,ETHUSD,168.59
2019-04-20 04:00:00,ETHUSD,173.84
2019-04-19 04:00:00,ETHUSD,174.59
2019-04-18 04:00:00,ETHUSD,171.71
2019-04-17 04:00:00,ETHUSD,172.66
2019-04-16 04:00:00,ETHUSD,166.79
2019-04-15 04:00:00,ETHUSD,161.03
2019-04-14 04:00:00,ETHUSD,167.86
2019-04-13 04:00:00,ETHUSD,163
2019-04-12 04:00:00,ETHUSD,165.82
2019-04-11 04:00:00,ETHUSD,164.61
2019-04-10 04:00:00,ETHUSD,170.14
2019-04-09 04:00:00,ETHUSD,179.64
2019-04-08 04:00:00,ETHUSD,177.82
2019-04-07 04:00:00,ETHUSD,182.38
2019-04-06 04:00:00,ETHUSD,167.38
2019-04-05 04:00:00,ETHUSD,163.62
2019-04-04 04:00:00,ETHUSD,157.31
2019-04-03 04:00:00,ETHUSD,160.06
2019-04-02 04:00:00,ETHUSD,173.08
2019-04-01 04:00:00,ETHUSD,141.32
2019-03-31 04:00:00,ETHUSD,142.7
2019-03-30 04:00:00,ETHUSD,141.1
2019-03-29 04:00:00,ETHUSD,143.08
2019-03-28 04:00:00,ETHUSD,137.99
2019-03-27 04:00:00,ETHUSD,137.96
2019-03-26 04:00:00,ETHUSD,136.14
2019-03-25 04:00:00,ETHUSD,133.37
2019-03-24 04:00:00,ETHUSD,135.61
2019-03-23 04:00:00,ETHUSD,136.01
2019-03-22 04:00:00,ETHUSD,136.55
2019-03-21 04:00:00,ETHUSD,134.62
2019-03-20 04:00:00,ETHUSD,138.4
2019-03-19 04:00:00,ETHUSD,136.94
2019-03-18 04:00:00,ETHUSD,137.13
2019-03-17 04:00:00,ETHUSD,139.58
2019-03-16 04:00:00,ETHUSD,137.29
2019-03-15 04:00:00,ETHUSD,138.81
2019-03-14 04:00:00,ETHUSD,132.23
2019-03-13 04:00:00,ETHUSD,131.09
2019-03-12 04:00:00,ETHUSD,132.27
2019-03-11 04:00:00,ETHUSD,129.46
2019-03-10 04:00:00,ETHUSD,135.28
2019-03-09 04:00:00,ETHUSD,135.74
2019-03-08 04:00:00,ETHUSD,133.72
2019-03-07 04:00:00,ETHUSD,135.17
2019-03-06 04:00:00,ETHUSD,138.51
2019-03-05 04:00:00,ETHUSD,134.87
2019-03-04 04:00:00,ETHUSD,125.33
2019-03-03 04:00:00,ETHUSD,128.2
2019-03-02 04:00:00,ETHUSD,133.14
2019-03-01 04:00:00,ETHUSD,134.77
2019-02-28 04:00:00,ETHUSD,135.62
2019-02-27 04:00:00,ETHUSD,135.57
2019-02-26 04:00:00,ETHUSD,135.21
2019-02-25 04:00:00,ETHUSD,137.55
2019-02-24 04:00:00,ETHUSD,137.9
2019-02-23 04:00:00,ETHUSD,163.61
2019-02-22 04:00:00,ETHUSD,146.22
2019-02-21 04:00:00,ETHUSD,145
2019-02-20 04:00:00,ETHUSD,147
2019-02-19 04:00:00,ETHUSD,141.61
2019-02-18 04:00:00,ETHUSD,145.52
2019-02-17 04:00:00,ETHUSD,136.73
2019-02-16 04:00:00,ETHUSD,122.08
2019-02-15 04:00:00,ETHUSD,121.38
2019-02-14 04:00:00,ETHUSD,120.53
2019-02-13 04:00:00,ETHUSD,121.8
2019-02-12 04:00:00,ETHUSD,121.94
2019-02-11 04:00:00,ETHUSD,119.19
2019-02-10 04:00:00,ETHUSD,119.28
2019-02-09 04:00:00,ETHUSD,117.86
2019-02-08 04:00:00,ETHUSD,117.1
2019-02-07 04:00:00,ETHUSD,103.49
2019-02-06 04:00:00,ETHUSD,104.03
2019-02-05 04:00:00,ETHUSD,102.11
2019-02-04 04:00:00,ETHUSD,105.83
2019-02-03 04:00:00,ETHUSD,105.85
2019-02-02 04:00:00,ETHUSD,108.65
2019-02-01 04:00:00,ETHUSD,106.33
2019-01-31 04:00:00,ETHUSD,104.36
2019-01-30 04:00:00,ETHUSD,108.65
2019-01-29 04:00:00,ETHUSD,104.29
2019-01-28 04:00:00,ETHUSD,103.98
2019-01-27 04:00:00,ETHUSD,107.46
2019-01-26 04:00:00,ETHUSD,114.83
2019-01-25 04:00:00,ETHUSD,115.57
2019-01-24 04:00:00,ETHUSD,116.2
2019-01-23 04:00:00,ETHUSD,115.09
2019-01-22 04:00:00,ETHUSD,118.45
2019-01-21 04:00:00,ETHUSD,116.54
2019-01-20 04:00:00,ETHUSD,116.76
2019-01-19 04:00:00,ETHUSD,123.2
2019-01-18 04:00:00,ETHUSD,120.33
2019-01-17 04:00:00,ETHUSD,121.8
2019-01-16 04:00:00,ETHUSD,120.48
2019-01-15 04:00:00,ETHUSD,120.36
2019-01-14 04:00:00,ETHUSD,128.24
2019-01-13 04:00:00,ETHUSD,117.22
2019-01-12 04:00:00,ETHUSD,124.57
2019-01-11 04:00:00,ETHUSD,126.85
2019-01-10 04:00:00,ETHUSD,127.19
2019-01-09 04:00:00,ETHUSD,149.57
2019-01-08 04:00:00,ETHUSD,151.97
2019-01-07 04:00:00,ETHUSD,147.98
2019-01-06 04:00:00,ETHUSD,154.81
2019-01-05 04:00:00,ETHUSD,151.48
2019-01-04 04:00:00,ETHUSD,158.73
2019-01-03 04:00:00,ETHUSD,151.52
2019-01-02 04:00:00,ETHUSD,152.7
2019-01-01 04:00:00,ETHUSD,139.17
2018-12-31 04:00:00,ETHUSD,130.83
2018-12-30 04:00:00,ETHUSD,135.24
2018-12-29 04:00:00,ETHUSD,132.82
2018-12-28 04:00:00,ETHUSD,135
2018-12-27 04:00:00,ETHUSD,114.27
2018-12-26 04:00:00,ETHUSD,125.99
2018-12-25 04:00:00,ETHUSD,133.5
2018-12-24 04:00:00,ETHUSD,124.36
2018-12-23 04:00:00,ETHUSD,150.1
2018-12-22 04:00:00,ETHUSD,128.81
2018-12-21 04:00:00,ETHUSD,107.01
2018-12-20 04:00:00,ETHUSD,114.24
2018-12-19 04:00:00,ETHUSD,100.31
2018-12-18 04:00:00,ETHUSD,103.5
2018-12-17 04:00:00,ETHUSD,94.93
2018-12-16 04:00:00,ETHUSD,84.12
2018-12-15 04:00:00,ETHUSD,85.82
2018-12-14 04:00:00,ETHUSD,83.98
2018-12-13 04:00:00,ETHUSD,85.24
2018-12-12 04:00:00,ETHUSD,88.37
2018-12-11 04:00:00,ETHUSD,86.62
2018-12-10 04:00:00,ETHUSD,88.76
2018-12-09 04:00:00,ETHUSD,92.4
2018-12-08 04:00:00,ETHUSD,90.12
2018-12-07 04:00:00,ETHUSD,93.05
2018-12-06 04:00:00,ETHUSD,83.78
2018-12-05 04:00:00,ETHUSD,100.51
2018-12-04 04:00:00,ETHUSD,106.02
2018-12-03 04:00:00,ETHUSD,107.1
2018-12-02 04:00:00,ETHUSD,112.03
2018-12-01 04:00:00,ETHUSD,116.67
2018-11-30 04:00:00,ETHUSD,111.6
2018-11-29 04:00:00,ETHUSD,117.79
2018-11-28 04:00:00,ETHUSD,116.05
2018-11-27 04:00:00,ETHUSD,110.88
2018-11-26 04:00:00,ETHUSD,104.11
2018-11-25 04:00:00,ETHUSD,113.89
2018-11-24 04:00:00,ETHUSD,103.26
2018-11-23 04:00:00,ETHUSD,123.31
2018-11-22 04:00:00,ETHUSD,121.92
2018-11-21 04:00:00,ETHUSD,134.98
2018-11-20 04:00:00,ETHUSD,131.27
2018-11-19 04:00:00,ETHUSD,146.81
2018-11-18 04:00:00,ETHUSD,169.66
2018-11-17 04:00:00,ETHUSD,174.53
2018-11-16 04:00:00,ETHUSD,171.48
2018-11-15 04:00:00,ETHUSD,178.41
2018-11-14 04:00:00,ETHUSD,175.86
2018-11-13 04:00:00,ETHUSD,203.95
2018-11-12 04:00:00,ETHUSD,206.75
2018-11-11 04:00:00,ETHUSD,209.89
2018-11-10 04:00:00,ETHUSD,209.87
2018-11-09 04:00:00,ETHUSD,208.36
2018-11-08 04:00:00,ETHUSD,211.44
2018-11-07 04:00:00,ETHUSD,212
2018-11-06 04:00:00,ETHUSD,219.53
2018-11-05 04:00:00,ETHUSD,207.27
2018-11-04 04:00:00,ETHUSD,207.24
2018-11-03 04:00:00,ETHUSD,198.24
2018-11-02 04:00:00,ETHUSD,198.94
2018-11-01 04:00:00,ETHUSD,198.47
2018-10-31 04:00:00,ETHUSD,196.18
2018-10-30 04:00:00,ETHUSD,195.18
2018-10-29 04:00:00,ETHUSD,194.41
2018-10-28 04:00:00,ETHUSD,202.06
2018-10-27 04:00:00,ETHUSD,201.17
2018-10-26 04:00:00,ETHUSD,201.06
2018-10-25 04:00:00,ETHUSD,199.44
2018-10-24 04:00:00,ETHUSD,199.35
2018-10-23 04:00:00,ETHUSD,201.5
2018-10-22 04:00:00,ETHUSD,200.22
2018-10-21 04:00:00,ETHUSD,201.68
2018-10-20 04:00:00,ETHUSD,200.73
2018-10-19 04:00:00,ETHUSD,199.43
2018-10-18 04:00:00,ETHUSD,199.43
2018-10-17 04:00:00,ETHUSD,204.6
2018-10-16 04:00:00,ETHUSD,205.86
2018-10-15 04:00:00,ETHUSD,202.67
2018-10-14 04:00:00,ETHUSD,192.49
2018-10-13 04:00:00,ETHUSD,195.85
2018-10-12 04:00:00,ETHUSD,193.73
2018-10-11 04:00:00,ETHUSD,193.73
2018-10-10 04:00:00,ETHUSD,201.76
2018-10-09 04:00:00,ETHUSD,224.23
2018-10-08 04:00:00,ETHUSD,227.79
2018-10-07 04:00:00,ETHUSD,223.59
2018-10-06 04:00:00,ETHUSD,224.13
2018-10-05 04:00:00,ETHUSD,224.93
2018-10-04 04:00:00,ETHUSD,219.74
2018-10-03 04:00:00,ETHUSD,223.72
2018-10-02 04:00:00,ETHUSD,217
2018-10-01 04:00:00,ETHUSD,229.4
2018-09-30 04:00:00,ETHUSD,232.55
2018-09-29 04:00:00,ETHUSD,230.98
2018-09-28 04:00:00,ETHUSD,229.31
2018-09-27 04:00:00,ETHUSD,229.31
2018-09-26 04:00:00,ETHUSD,217.42
2018-09-25 04:00:00,ETHUSD,209.18
2018-09-24 04:00:00,ETHUSD,220.89
2018-09-23 04:00:00,ETHUSD,244.75
2018-09-22 04:00:00,ETHUSD,238.69
2018-09-21 04:00:00,ETHUSD,240.8
2018-09-20 04:00:00,ETHUSD,222.68
2018-09-19 04:00:00,ETHUSD,208.84
2018-09-18 04:00:00,ETHUSD,212.64
2018-09-17 04:00:00,ETHUSD,194.03
2018-09-16 04:00:00,ETHUSD,222.93
2018-09-15 04:00:00,ETHUSD,213.83
2018-09-14 04:00:00,ETHUSD,218.74
2018-09-13 04:00:00,ETHUSD,218.74
2018-09-12 04:00:00,ETHUSD,189.54
2018-09-11 04:00:00,ETHUSD,176.81
2018-09-10 04:00:00,ETHUSD,195
2018-09-09 04:00:00,ETHUSD,188.94
2018-09-08 04:00:00,ETHUSD,188.94
2018-09-07 04:00:00,ETHUSD,216.22
2018-09-06 04:00:00,ETHUSD,230.25
2018-09-05 04:00:00,ETHUSD,227.44
2018-09-04 04:00:00,ETHUSD,284.18
2018-09-03 04:00:00,ETHUSD,287.81
2018-09-02 04:00:00,ETHUSD,291.82
2018-09-01 04:00:00,ETHUSD,296.34
2018-08-31 04:00:00,ETHUSD,288.11
2018-08-30 04:00:00,ETHUSD,280.54
2018-08-29 04:00:00,ETHUSD,286.73
2018-08-28 04:00:00,ETHUSD,291.15
2018-08-27 04:00:00,ETHUSD,283.45
2018-08-26 04:00:00,ETHUSD,272.17
2018-08-25 04:00:00,ETHUSD,271.31
2018-08-24 04:00:00,ETHUSD,280.4
2018-08-23 04:00:00,ETHUSD,273.8
2018-08-22 04:00:00,ETHUSD,271.54
2018-08-21 04:00:00,ETHUSD,291.68
2018-08-20 04:00:00,ETHUSD,276.26
2018-08-19 04:00:00,ETHUSD,300.79
2018-08-18 04:00:00,ETHUSD,291.3
2018-08-17 04:00:00,ETHUSD,312.64
2018-08-16 04:00:00,ETHUSD,297.48
2018-08-15 04:00:00,ETHUSD,281.45
2018-08-14 04:00:00,ETHUSD,285.63
2018-08-13 04:00:00,ETHUSD,267.72
2018-08-12 04:00:00,ETHUSD,319.83
2018-08-11 04:00:00,ETHUSD,318.5
2018-08-10 04:00:00,ETHUSD,360.32
2018-08-09 04:00:00,ETHUSD,360.32
2018-08-08 04:00:00,ETHUSD,358.87
2018-08-07 04:00:00,ETHUSD,376.74
2018-08-06 04:00:00,ETHUSD,404.8
2018-08-05 04:00:00,ETHUSD,410.85
2018-08-04 04:00:00,ETHUSD,408.08
2018-08-03 04:00:00,ETHUSD,420.6
2018-08-02 04:00:00,ETHUSD,420.6
2018-08-01 04:00:00,ETHUSD,420.6
2018-07-31 04:00:00,ETHUSD,416.6
2018-07-30 04:00:00,ETHUSD,450.57
2018-07-29 04:00:00,ETHUSD,464.18
2018-07-28 04:00:00,ETHUSD,462.87
2018-07-27 04:00:00,ETHUSD,462.87
2018-07-26 04:00:00,ETHUSD,462.87
2018-07-25 04:00:00,ETHUSD,475.35
2018-07-24 04:00:00,ETHUSD,478.73
2018-07-23 04:00:00,ETHUSD,449.6
2018-07-22 04:00:00,ETHUSD,464.57
2018-07-21 04:00:00,ETHUSD,460.28
2018-07-20 04:00:00,ETHUSD,455.95
2018-07-19 04:00:00,ETHUSD,464.9
2018-07-18 04:00:00,ETHUSD,474.88
2018-07-17 04:00:00,ETHUSD,505.89
2018-07-16 04:00:00,ETHUSD,478.87
2018-07-15 04:00:00,ETHUSD,447.02
2018-07-14 04:00:00,ETHUSD,430.04
2018-07-13 04:00:00,ETHUSD,437.95
2018-07-12 04:00:00,ETHUSD,437.95
2018-07-11 04:00:00,ETHUSD,440.95
2018-07-10 04:00:00,ETHUSD,432.69
2018-07-09 04:00:00,ETHUSD,459.17
2018-07-08 04:00:00,ETHUSD,481.97
2018-07-07 04:00:00,ETHUSD,482.48
2018-07-06 04:00:00,ETHUSD,466.64
2018-07-05 04:00:00,ETHUSD,466.64
2018-07-04 04:00:00,ETHUSD,469.75
2018-07-03 04:00:00,ETHUSD,457.21
2018-07-02 04:00:00,ETHUSD,479.81
2018-07-01 04:00:00,ETHUSD,448.9
2018-06-30 04:00:00,ETHUSD,451
2018-06-29 04:00:00,ETHUSD,446.81
2018-06-28 04:00:00,ETHUSD,421.1
2018-06-27 04:00:00,ETHUSD,430.92
2018-06-26 04:00:00,ETHUSD,427.2
2018-06-25 04:00:00,ETHUSD,457.96
2018-06-24 04:00:00,ETHUSD,450.36
2018-06-23 04:00:00,ETHUSD,467.1
2018-06-22 04:00:00,ETHUSD,465.92
2018-06-21 04:00:00,ETHUSD,541.89
2018-06-20 04:00:00,ETHUSD,541.89
2018-06-19 04:00:00,ETHUSD,520.37
2018-06-18 04:00:00,ETHUSD,514.7
2018-06-17 04:00:00,ETHUSD,493.58
2018-06-16 04:00:00,ETHUSD,507.88
2018-06-15 04:00:00,ETHUSD,491.86
2018-06-14 04:00:00,ETHUSD,512.81
2018-06-13 04:00:00,ETHUSD,485.04
2018-06-12 04:00:00,ETHUSD,498
2018-06-11 04:00:00,ETHUSD,526.2
2018-06-10 04:00:00,ETHUSD,532.55
2018-06-09 04:00:00,ETHUSD,570.46
2018-06-08 04:00:00,ETHUSD,606.82
2018-06-07 04:00:00,ETHUSD,601.85
2018-06-06 04:00:00,ETHUSD,614.96
2018-06-05 04:00:00,ETHUSD,603.91
2018-06-04 04:00:00,ETHUSD,582.44
2018-06-03 04:00:00,ETHUSD,617.73
2018-06-02 04:00:00,ETHUSD,592.34
2018-06-01 04:00:00,ETHUSD,575.85
2018-05-31 04:00:00,ETHUSD,573.16
2018-05-30 04:00:00,ETHUSD,563.13
2018-05-29 04:00:00,ETHUSD,569.99
2018-05-28 04:00:00,ETHUSD,525
2018-05-27 04:00:00,ETHUSD,571.27
2018-05-26 04:00:00,ETHUSD,581.3
2018-05-25 04:00:00,ETHUSD,585.88
2018-05-24 04:00:00,ETHUSD,602.65
2018-05-23 04:00:00,ETHUSD,595
2018-05-22 04:00:00,ETHUSD,639.42
2018-05-21 04:00:00,ETHUSD,688.18
2018-05-20 04:00:00,ETHUSD,709.87
2018-05-19 04:00:00,ETHUSD,702.3
2018-05-18 04:00:00,ETHUSD,694.47
2018-05-17 04:00:00,ETHUSD,670.17
2018-05-16 04:00:00,ETHUSD,710.01
2018-05-15 04:00:00,ETHUSD,681.16
2018-05-14 04:00:00,ETHUSD,727
2018-05-13 04:00:00,ETHUSD,695.97
2018-05-12 04:00:00,ETHUSD,681.34
2018-05-11 04:00:00,ETHUSD,676.34
2018-05-10 04:00:00,ETHUSD,731.38
2018-05-09 04:00:00,ETHUSD,756.05
2018-05-08 04:00:00,ETHUSD,719
2018-05-07 04:00:00,ETHUSD,769.52
2018-05-06 04:00:00,ETHUSD,754.64
2018-05-05 04:00:00,ETHUSD,817
2018-05-04 04:00:00,ETHUSD,800
2018-05-03 04:00:00,ETHUSD,766.51
2018-05-02 04:00:00,ETHUSD,714.03
2018-05-01 04:00:00,ETHUSD,671.78
2018-04-30 04:00:00,ETHUSD,640
2018-04-29 04:00:00,ETHUSD,676
2018-04-28 04:00:00,ETHUSD,693.53
2018-04-27 04:00:00,ETHUSD,665.89
2018-04-26 04:00:00,ETHUSD,649.9
2018-04-25 04:00:00,ETHUSD,617.2
2018-04-24 04:00:00,ETHUSD,656.19
2018-04-23 04:00:00,ETHUSD,668.78
2018-04-22 04:00:00,ETHUSD,635.21
2018-04-21 04:00:00,ETHUSD,600.87
2018-04-20 04:00:00,ETHUSD,607.82
2018-04-19 04:00:00,ETHUSD,574.06
2018-04-18 04:00:00,ETHUSD,536
2018-04-17 04:00:00,ETHUSD,506.79
2018-04-16 04:00:00,ETHUSD,507.22
2018-04-15 04:00:00,ETHUSD,518.03
2018-04-14 04:00:00,ETHUSD,512.23
2018-04-13 04:00:00,ETHUSD,508
2018-04-12 04:00:00,ETHUSD,490.41
2018-04-11 04:00:00,ETHUSD,435.99
2018-04-10 04:00:00,ETHUSD,412.64
2018-04-09 04:00:00,ETHUSD,399.87
2018-04-08 04:00:00,ETHUSD,412.01
2018-04-07 04:00:00,ETHUSD,389.01
2018-04-06 04:00:00,ETHUSD,370.2
2018-04-05 04:00:00,ETHUSD,378.15
2018-04-04 04:00:00,ETHUSD,379.62
2018-04-03 04:00:00,ETHUSD,402.59
2018-04-02 04:00:00,ETHUSD,391.28
2018-04-01 04:00:00,ETHUSD,384.05
2018-03-31 04:00:00,ETHUSD,393.49
2018-03-30 04:00:00,ETHUSD,406.71
2018-03-29 04:00:00,ETHUSD,377.4
2018-03-28 04:00:00,ETHUSD,440.21
2018-03-27 04:00:00,ETHUSD,450.21
2018-03-26 04:00:00,ETHUSD,464.01
2018-03-25 04:00:00,ETHUSD,520.63
2018-03-24 04:00:00,ETHUSD,522.67
2018-03-23 04:00:00,ETHUSD,544.54
2018-03-22 04:00:00,ETHUSD,515.33
2018-03-21 04:00:00,ETHUSD,570.18
2018-03-20 04:00:00,ETHUSD,570.71
2018-03-19 04:00:00,ETHUSD,554.4
2018-03-18 04:00:00,ETHUSD,526.86
2018-03-17 04:00:00,ETHUSD,519.76
2018-03-16 04:00:00,ETHUSD,600.99
2018-03-15 04:00:00,ETHUSD,599.17
2018-03-14 04:00:00,ETHUSD,581.34
2018-03-13 04:00:00,ETHUSD,699.11
2018-03-12 04:00:00,ETHUSD,698.31
2018-03-11 04:00:00,ETHUSD,716.29
2018-03-10 04:00:00,ETHUSD,680
2018-03-09 04:00:00,ETHUSD,733.65
2018-03-08 04:00:00,ETHUSD,682.49
2018-03-07 04:00:00,ETHUSD,734.9
2018-03-06 04:00:00,ETHUSD,811.78
2018-03-05 04:00:00,ETHUSD,843.97
2018-03-04 04:00:00,ETHUSD,865.1
2018-03-03 04:00:00,ETHUSD,846.24
2018-03-02 04:00:00,ETHUSD,859.99
2018-03-01 04:00:00,ETHUSD,870.8
2018-02-28 04:00:00,ETHUSD,855.58
2018-02-27 04:00:00,ETHUSD,886.99
2018-02-26 04:00:00,ETHUSD,869.46
2018-02-25 04:00:00,ETHUSD,848.6
2018-02-24 04:00:00,ETHUSD,832.74
2018-02-23 04:00:00,ETHUSD,867.23
2018-02-22 04:00:00,ETHUSD,836.3
2018-02-21 04:00:00,ETHUSD,856.01
2018-02-20 04:00:00,ETHUSD,882.23
2018-02-19 04:00:00,ETHUSD,945.17
2018-02-18 04:00:00,ETHUSD,924.68
2018-02-17 04:00:00,ETHUSD,956.98
2018-02-16 04:00:00,ETHUSD,959.99
2018-02-15 04:00:00,ETHUSD,934.35
2018-02-14 04:00:00,ETHUSD,929.94
2018-02-13 04:00:00,ETHUSD,853.55
2018-02-12 04:00:00,ETHUSD,854.62
2018-02-11 04:00:00,ETHUSD,846.93
2018-02-10 04:00:00,ETHUSD,802.16
2018-02-09 04:00:00,ETHUSD,894.24
2018-02-08 04:00:00,ETHUSD,803.99
2018-02-07 04:00:00,ETHUSD,802.46
2018-02-06 04:00:00,ETHUSD,725
2018-02-05 04:00:00,ETHUSD,619
2018-02-04 04:00:00,ETHUSD,834.54
2018-02-03 04:00:00,ETHUSD,958.59
2018-02-02 04:00:00,ETHUSD,855.15
2018-02-01 04:00:00,ETHUSD,957.67
2018-01-31 04:00:00,ETHUSD,1128
2018-01-30 04:00:00,ETHUSD,1063.48
2018-01-29 04:00:00,ETHUSD,1126.06
2018-01-28 04:00:00,ETHUSD,1179.85
2018-01-27 04:00:00,ETHUSD,1113.03
2018-01-26 04:00:00,ETHUSD,1049.99
2018-01-25 04:00:00,ETHUSD,1070.75
2018-01-24 04:00:00,ETHUSD,1093.43
2018-01-23 04:00:00,ETHUSD,986.37
2018-01-22 04:00:00,ETHUSD,1000
2018-01-21 04:00:00,ETHUSD,1046
2018-01-20 04:00:00,ETHUSD,1122.92
2018-01-19 04:00:00,ETHUSD,1070.28
2018-01-18 04:00:00,ETHUSD,1016.59
2018-01-17 04:00:00,ETHUSD,1017.8
2018-01-16 04:00:00,ETHUSD,990
2018-01-15 04:00:00,ETHUSD,1224.01
2018-01-14 04:00:00,ETHUSD,1328.71
2018-01-13 04:00:00,ETHUSD,1379.13
2018-01-12 04:00:00,ETHUSD,1287.93
2018-01-11 04:00:00,ETHUSD,1210.79
2018-01-10 04:00:00,ETHUSD,1180
2018-01-09 04:00:00,ETHUSD,1340.42
2018-01-08 04:00:00,ETHUSD,1205.02
2018-01-07 04:00:00,ETHUSD,1195.93
2018-01-06 04:00:00,ETHUSD,1046.65
2018-01-05 04:00:00,ETHUSD,971.52
2018-01-04 04:00:00,ETHUSD,992.01
2018-01-03 04:00:00,ETHUSD,925.01
2018-01-02 04:00:00,ETHUSD,861.15
2018-01-01 04:00:00,ETHUSD,808.89
2017-12-31 04:00:00,ETHUSD,733.19
2017-12-30 04:00:00,ETHUSD,699.78
2017-12-29 04:00:00,ETHUSD,714.92
2017-12-28 04:00:00,ETHUSD,738
2017-12-27 04:00:00,ETHUSD,708.18
2017-12-26 04:00:00,ETHUSD,758.95
2017-12-25 04:00:00,ETHUSD,761.05
2017-12-24 04:00:00,ETHUSD,707.58
2017-12-23 04:00:00,ETHUSD,689.89
2017-12-22 04:00:00,ETHUSD,728
2017-12-21 04:00:00,ETHUSD,687.08
2017-12-20 04:00:00,ETHUSD,815
2017-12-19 04:00:00,ETHUSD,792.8
2017-12-18 04:00:00,ETHUSD,814
2017-12-17 04:00:00,ETHUSD,711.89
2017-12-16 04:00:00,ETHUSD,717.4
2017-12-15 04:00:00,ETHUSD,700
2017-12-14 04:00:00,ETHUSD,658
2017-12-13 04:00:00,ETHUSD,733
2017-12-12 04:00:00,ETHUSD,627.46
2017-12-11 04:00:00,ETHUSD,533
2017-12-10 04:00:00,ETHUSD,464.99
2017-12-09 04:00:00,ETHUSD,430
2017-12-08 04:00:00,ETHUSD,471
2017-12-07 04:00:00,ETHUSD,428.25
2017-12-06 04:00:00,ETHUSD,433.2
2017-12-05 04:00:00,ETHUSD,456.25
2017-12-04 04:00:00,ETHUSD,466.94
2017-12-03 04:00:00,ETHUSD,463.61
2017-12-02 04:00:00,ETHUSD,457.04
2017-12-01 04:00:00,ETHUSD,467.07
2017-11-30 04:00:00,ETHUSD,429.6
2017-11-29 04:00:00,ETHUSD,465
2017-11-28 04:00:00,ETHUSD,474
2017-11-27 04:00:00,ETHUSD,475.06
2017-11-26 04:00:00,ETHUSD,470.27
2017-11-25 04:00:00,ETHUSD,458.72
2017-11-24 04:00:00,ETHUSD,460.02
2017-11-23 04:00:00,ETHUSD,411.06
2017-11-22 04:00:00,ETHUSD,378.76
2017-11-21 04:00:00,ETHUSD,364.46
2017-11-20 04:00:00,ETHUSD,354.75
2017-11-19 04:00:00,ETHUSD,361.8
2017-11-18 04:00:00,ETHUSD,347.29
2017-11-17 04:00:00,ETHUSD,330.72
2017-11-16 04:00:00,ETHUSD,331.78
2017-11-15 04:00:00,ETHUSD,329.08
2017-11-14 04:00:00,ETHUSD,332.76
2017-11-13 04:00:00,ETHUSD,321.06
2017-11-12 04:00:00,ETHUSD,311.25
2017-11-11 04:00:00,ETHUSD,310.44
2017-11-10 04:00:00,ETHUSD,301.44
2017-11-09 04:00:00,ETHUSD,319.66
2017-11-08 04:00:00,ETHUSD,309
2017-11-07 04:00:00,ETHUSD,295.05
2017-11-06 04:00:00,ETHUSD,299.58
2017-11-05 04:00:00,ETHUSD,292.7
2017-11-04 04:00:00,ETHUSD,300.07
2017-11-03 04:00:00,ETHUSD,305.31
2017-11-02 04:00:00,ETHUSD,286.15
2017-11-01 04:00:00,ETHUSD,285.11
2017-10-31 04:00:00,ETHUSD,303.21
2017-10-30 04:00:00,ETHUSD,307.98
2017-10-29 04:00:00,ETHUSD,307
2017-10-28 04:00:00,ETHUSD,295.25
2017-10-27 04:00:00,ETHUSD,294.06
2017-10-26 04:00:00,ETHUSD,297.85
2017-10-25 04:00:00,ETHUSD,298.8
2017-10-24 04:00:00,ETHUSD,296
2017-10-23 04:00:00,ETHUSD,301.28
2017-10-22 04:00:00,ETHUSD,292.6
2017-10-21 04:00:00,ETHUSD,302.51
2017-10-20 04:00:00,ETHUSD,300.44
2017-10-19 04:00:00,ETHUSD,308.33
2017-10-18 04:00:00,ETHUSD,312.85
2017-10-17 04:00:00,ETHUSD,306.98
2017-10-16 04:00:00,ETHUSD,328.51
2017-10-15 04:00:00,ETHUSD,343.75
2017-10-14 04:00:00,ETHUSD,337.57
2017-10-13 04:00:00,ETHUSD,338
2017-10-12 04:00:00,ETHUSD,301.75
2017-10-11 04:00:00,ETHUSD,305.97
2017-10-10 04:00:00,ETHUSD,301.01
2017-10-09 04:00:00,ETHUSD,297
2017-10-08 04:00:00,ETHUSD,304.41
2017-10-07 04:00:00,ETHUSD,311.7
2017-10-06 04:00:00,ETHUSD,309.93
2017-10-05 04:00:00,ETHUSD,295.35
2017-10-04 04:00:00,ETHUSD,289.6
2017-10-03 04:00:00,ETHUSD,292
2017-10-02 04:00:00,ETHUSD,299.1
2017-10-01 04:00:00,ETHUSD,299.99
2017-09-30 04:00:00,ETHUSD,298.01
2017-09-29 04:00:00,ETHUSD,293.24
2017-09-28 04:00:00,ETHUSD,283.1
2017-09-27 04:00:00,ETHUSD,308.18
2017-09-26 04:00:00,ETHUSD,291.04
2017-09-25 04:00:00,ETHUSD,292.47
2017-09-24 04:00:00,ETHUSD,288.05
2017-09-23 04:00:00,ETHUSD,293.6
2017-09-22 04:00:00,ETHUSD,263.12
2017-09-21 04:00:00,ETHUSD,266.58
2017-09-20 04:00:00,ETHUSD,280.25
2017-09-19 04:00:00,ETHUSD,281.91
2017-09-18 04:00:00,ETHUSD,289.01
2017-09-17 04:00:00,ETHUSD,281.01
2017-09-16 04:00:00,ETHUSD,252.28
2017-09-15 04:00:00,ETHUSD,258.48
2017-09-14 04:00:00,ETHUSD,236.46
2017-09-13 04:00:00,ETHUSD,270.45
2017-09-12 04:00:00,ETHUSD,276.63
2017-09-11 04:00:00,ETHUSD,302.97
2017-09-10 04:00:00,ETHUSD,307.5
2017-09-09 04:00:00,ETHUSD,295.74
2017-09-08 04:00:00,ETHUSD,303.47
2017-09-07 04:00:00,ETHUSD,331.35
2017-09-06 04:00:00,ETHUSD,327.11
2017-09-05 04:00:00,ETHUSD,327.8
2017-09-04 04:00:00,ETHUSD,283.13
2017-09-03 04:00:00,ETHUSD,345.41
2017-09-02 04:00:00,ETHUSD,357.81
2017-09-01 04:00:00,ETHUSD,377.45
2017-08-31 04:00:00,ETHUSD,394.52
2017-08-30 04:00:00,ETHUSD,385.02
2017-08-29 04:00:00,ETHUSD,374.72
2017-08-28 04:00:00,ETHUSD,349.79
2017-08-27 04:00:00,ETHUSD,345.73
2017-08-26 04:00:00,ETHUSD,331.36
2017-08-25 04:00:00,ETHUSD,331.33
2017-08-24 04:00:00,ETHUSD,327.2
2017-08-23 04:00:00,ETHUSD,316.78
2017-08-22 04:00:00,ETHUSD,316.8
2017-08-21 04:00:00,ETHUSD,309.21
2017-08-20 04:00:00,ETHUSD,297.79
2017-08-19 04:00:00,ETHUSD,292.05
2017-08-18 04:00:00,ETHUSD,294.66
2017-08-17 04:00:00,ETHUSD,296.92
2017-08-16 04:00:00,ETHUSD,299.89
2017-08-15 04:00:00,ETHUSD,286.46
2017-08-14 04:00:00,ETHUSD,291.69
2017-08-13 04:00:00,ETHUSD,301.72
2017-08-12 04:00:00,ETHUSD,298.81
2017-08-11 04:00:00,ETHUSD,311.35
2017-08-10 04:00:00,ETHUSD,297.28
2017-08-09 04:00:00,ETHUSD,292
2017-08-08 04:00:00,ETHUSD,315.05
2017-08-07 04:00:00,ETHUSD,272.3
2017-08-06 04:00:00,ETHUSD,264.6
2017-08-05 04:00:00,ETHUSD,256.37
2017-08-04 04:00:00,ETHUSD,224.87
2017-08-03 04:00:00,ETHUSD,224.65
2017-08-02 04:00:00,ETHUSD,218.5
2017-08-01 04:00:00,ETHUSD,225.78
2017-07-31 04:00:00,ETHUSD,207.6
2017-07-30 04:00:00,ETHUSD,195.9
2017-07-29 04:00:00,ETHUSD,202.28
2017-07-28 04:00:00,ETHUSD,182.46
2017-07-27 04:00:00,ETHUSD,201.51
2017-07-26 04:00:00,ETHUSD,201.66
2017-07-25 04:00:00,ETHUSD,197.67
2017-07-24 04:00:00,ETHUSD,223.08
2017-07-23 04:00:00,ETHUSD,228.46
2017-07-22 04:00:00,ETHUSD,231.17
2017-07-21 04:00:00,ETHUSD,221.28
2017-07-20 04:00:00,ETHUSD,227.6
2017-07-19 04:00:00,ETHUSD,211.66
2017-07-18 04:00:00,ETHUSD,226.81
2017-07-17 04:00:00,ETHUSD,181.61
2017-07-16 04:00:00,ETHUSD,162.87
2017-07-15 04:00:00,ETHUSD,166.47
2017-07-14 04:00:00,ETHUSD,188.26
2017-07-13 04:00:00,ETHUSD,200.23
2017-07-12 04:00:00,ETHUSD,225.24
2017-07-11 04:00:00,ETHUSD,188.46
2017-07-10 04:00:00,ETHUSD,195.67
2017-07-09 04:00:00,ETHUSD,237.14
2017-07-08 04:00:00,ETHUSD,247.4
2017-07-07 04:00:00,ETHUSD,239.44
2017-07-06 04:00:00,ETHUSD,265.18
2017-07-05 04:00:00,ETHUSD,267.12
2017-07-04 04:00:00,ETHUSD,271.18
2017-07-03 04:00:00,ETHUSD,278.98
2017-07-02 04:00:00,ETHUSD,278.76
2017-07-01 04:00:00,ETHUSD,256.96
2017-06-30 04:00:00,ETHUSD,270.33
2017-06-29 04:00:00,ETHUSD,289.16
2017-06-28 04:00:00,ETHUSD,317.31
2017-06-27 04:00:00,ETHUSD,278.97
2017-06-26 04:00:00,ETHUSD,256.5
2017-06-25 04:00:00,ETHUSD,287.06
2017-06-24 04:00:00,ETHUSD,302.2
2017-06-23 04:00:00,ETHUSD,328.06
2017-06-22 04:00:00,ETHUSD,324.18
2017-06-21 04:00:00,ETHUSD,316.39
2017-06-20 04:00:00,ETHUSD,341.86
2017-06-19 04:00:00,ETHUSD,364.49
2017-06-18 04:00:00,ETHUSD,359.36
2017-06-17 04:00:00,ETHUSD,374.13
2017-06-16 04:00:00,ETHUSD,348.1
2017-06-15 04:00:00,ETHUSD,328
2017-06-14 04:00:00,ETHUSD,338.11
2017-06-13 04:00:00,ETHUSD,391.08
2017-06-12 04:00:00,ETHUSD,384.1
2017-06-11 04:00:00,ETHUSD,343.06
2017-06-10 04:00:00,ETHUSD,336.9
2017-06-09 04:00:00,ETHUSD,284.88
2017-06-08 04:00:00,ETHUSD,260.02
2017-06-07 04:00:00,ETHUSD,255.02
2017-06-06 04:00:00,ETHUSD,264.6
2017-06-05 04:00:00,ETHUSD,257.08
2017-06-04 04:00:00,ETHUSD,247.57
2017-06-03 04:00:00,ETHUSD,230.94
2017-06-02 04:00:00,ETHUSD,225.2
2017-06-01 04:00:00,ETHUSD,223.27
2017-05-31 04:00:00,ETHUSD,230.99
2017-05-30 04:00:00,ETHUSD,233.01
2017-05-29 04:00:00,ETHUSD,200.99
2017-05-28 04:00:00,ETHUSD,172.05
2017-05-27 04:00:00,ETHUSD,173.67
2017-05-26 04:00:00,ETHUSD,161.86
2017-05-25 04:00:00,ETHUSD,187.99
2017-05-24 04:00:00,ETHUSD,201.2
2017-05-23 04:00:00,ETHUSD,174.92
2017-05-22 04:00:00,ETHUSD,165.54
2017-05-21 04:00:00,ETHUSD,149.48
2017-05-20 04:00:00,ETHUSD,125.16
2017-05-19 04:00:00,ETHUSD,127.8
2017-05-18 04:00:00,ETHUSD,105.92
2017-05-17 04:00:00,ETHUSD,88.4
2017-05-16 04:00:00,ETHUSD,87.68
2017-05-15 04:00:00,ETHUSD,91.42
2017-05-14 04:00:00,ETHUSD,89.99
2017-05-13 04:00:00,ETHUSD,88.03
2017-05-12 04:00:00,ETHUSD,84.25
2017-05-11 04:00:00,ETHUSD,88.39
2017-05-10 04:00:00,ETHUSD,88.62
2017-05-09 04:00:00,ETHUSD,89.38
2017-05-08 04:00:00,ETHUSD,87.05
2017-05-07 04:00:00,ETHUSD,91.28
2017-05-06 04:00:00,ETHUSD,95.02
2017-05-05 04:00:00,ETHUSD,93.79
2017-05-04 04:00:00,ETHUSD,96.76
2017-05-03 04:00:00,ETHUSD,79.99
2017-05-02 04:00:00,ETHUSD,76.92
2017-05-01 04:00:00,ETHUSD,80.5
2017-04-30 04:00:00,ETHUSD,81.6
2017-04-29 04:00:00,ETHUSD,70.79
2017-04-28 04:00:00,ETHUSD,72.04
2017-04-27 04:00:00,ETHUSD,65.71
2017-04-26 04:00:00,ETHUSD,53.66
2017-04-25 04:00:00,ETHUSD,50.64
2017-04-24 04:00:00,ETHUSD,50.05
2017-04-23 04:00:00,ETHUSD,49.54
2017-04-22 04:00:00,ETHUSD,49.22
2017-04-21 04:00:00,ETHUSD,48.67
2017-04-20 04:00:00,ETHUSD,49
2017-04-19 04:00:00,ETHUSD,48.45
2017-04-18 04:00:00,ETHUSD,49.88
2017-04-17 04:00:00,ETHUSD,48.41
2017-04-16 04:00:00,ETHUSD,48.16
2017-04-15 04:00:00,ETHUSD,48.67
2017-04-14 04:00:00,ETHUSD,47.02
2017-04-13 04:00:00,ETHUSD,48.95
2017-04-12 04:00:00,ETHUSD,48.65
2017-04-11 04:00:00,ETHUSD,43.87
2017-04-10 04:00:00,ETHUSD,44.55
2017-04-09 04:00:00,ETHUSD,44.11
2017-04-08 04:00:00,ETHUSD,44.01
2017-04-07 04:00:00,ETHUSD,44.17
2017-04-06 04:00:00,ETHUSD,44.01
2017-04-05 04:00:00,ETHUSD,44.91
2017-04-04 04:00:00,ETHUSD,45.55
2017-04-03 04:00:00,ETHUSD,43.7
2017-04-02 04:00:00,ETHUSD,44.4
2017-04-01 04:00:00,ETHUSD,50.54
2017-03-31 04:00:00,ETHUSD,49.74
2017-03-30 04:00:00,ETHUSD,50
2017-03-29 04:00:00,ETHUSD,53.49
2017-03-28 04:00:00,ETHUSD,51.76
2017-03-27 04:00:00,ETHUSD,49.34
2017-03-26 04:00:00,ETHUSD,51.02
2017-03-25 04:00:00,ETHUSD,50.51
2017-03-24 04:00:00,ETHUSD,49.72
2017-03-23 04:00:00,ETHUSD,43.2
2017-03-22 04:00:00,ETHUSD,41.2
2017-03-21 04:00:00,ETHUSD,42.81
2017-03-20 04:00:00,ETHUSD,43.07
2017-03-19 04:00:00,ETHUSD,42.34
2017-03-18 04:00:00,ETHUSD,38.88
2017-03-17 04:00:00,ETHUSD,43.25
2017-03-16 04:00:00,ETHUSD,48.8
2017-03-15 04:00:00,ETHUSD,39.76
2017-03-14 04:00:00,ETHUSD,28.89
2017-03-13 04:00:00,ETHUSD,28.43
2017-03-12 04:00:00,ETHUSD,27.66
2017-03-11 04:00:00,ETHUSD,21.71
2017-03-10 04:00:00,ETHUSD,18.86
2017-03-09 04:00:00,ETHUSD,18.43
2017-03-08 04:00:00,ETHUSD,17.04
2017-03-07 04:00:00,ETHUSD,18.61
2017-03-06 04:00:00,ETHUSD,19.59
2017-03-05 04:00:00,ETHUSD,19.15
2017-03-04 04:00:00,ETHUSD,18.54
2017-03-03 04:00:00,ETHUSD,20.13
2017-03-02 04:00:00,ETHUSD,19.95
2017-03-01 04:00:00,ETHUSD,17.35
2017-02-28 04:00:00,ETHUSD,16.1
2017-02-27 04:00:00,ETHUSD,15.94
2017-02-26 04:00:00,ETHUSD,14.62
2017-02-25 04:00:00,ETHUSD,13.62
2017-02-24 04:00:00,ETHUSD,13.13
2017-02-23 04:00:00,ETHUSD,13.04
2017-02-22 04:00:00,ETHUSD,12.54
2017-02-21 04:00:00,ETHUSD,12.85
2017-02-20 04:00:00,ETHUSD,12.55
2017-02-19 04:00:00,ETHUSD,12.82
2017-02-18 04:00:00,ETHUSD,12.85
2017-02-17 04:00:00,ETHUSD,12.85
2017-02-16 04:00:00,ETHUSD,12.95
2017-02-15 04:00:00,ETHUSD,12.73
2017-02-14 04:00:00,ETHUSD,13.01
2017-02-13 04:00:00,ETHUSD,11.63
2017-02-12 04:00:00,ETHUSD,11.42
2017-02-11 04:00:00,ETHUSD,11.39
2017-02-10 04:00:00,ETHUSD,11.32
2017-02-09 04:00:00,ETHUSD,11.01
2017-02-08 04:00:00,ETHUSD,11.56
2017-02-07 04:00:00,ETHUSD,11.62
2017-02-06 04:00:00,ETHUSD,11.32
2017-02-05 04:00:00,ETHUSD,11.23
2017-02-04 04:00:00,ETHUSD,11.39
2017-02-03 04:00:00,ETHUSD,11.17
2017-02-02 04:00:00,ETHUSD,10.92
2017-02-01 04:00:00,ETHUSD,10.65
2017-01-31 04:00:00,ETHUSD,10.76
2017-01-30 04:00:00,ETHUSD,10.61
2017-01-29 04:00:00,ETHUSD,10.53
2017-01-28 04:00:00,ETHUSD,10.64
2017-01-27 04:00:00,ETHUSD,10.68
2017-01-26 04:00:00,ETHUSD,10.76
2017-01-25 04:00:00,ETHUSD,10.61
2017-01-24 04:00:00,ETHUSD,10.69
2017-01-23 04:00:00,ETHUSD,10.76
2017-01-22 04:00:00,ETHUSD,10.76
2017-01-21 04:00:00,ETHUSD,10.88
2017-01-20 04:00:00,ETHUSD,10.75
2017-01-19 04:00:00,ETHUSD,10.45
2017-01-18 04:00:00,ETHUSD,10.34
2017-01-17 04:00:00,ETHUSD,10.44
2017-01-16 04:00:00,ETHUSD,9.69
2017-01-15 04:00:00,ETHUSD,10.01
2017-01-14 04:00:00,ETHUSD,10.01
2017-01-13 04:00:00,ETHUSD,9.88
2017-01-12 04:00:00,ETHUSD,9.56
2017-01-11 04:00:00,ETHUSD,9.75
2017-01-10 04:00:00,ETHUSD,10.71
2017-01-09 04:00:00,ETHUSD,10.5
2017-01-08 04:00:00,ETHUSD,10.4
2017-01-07 04:00:00,ETHUSD,9.89
2017-01-06 04:00:00,ETHUSD,9.49
2017-01-05 04:00:00,ETHUSD,10.25
2017-01-04 04:00:00,ETHUSD,11.65
2017-01-03 04:00:00,ETHUSD,10.4
2017-01-02 04:00:00,ETHUSD,8.31
2017-01-01 04:00:00,ETHUSD,8.15
2016-12-31 04:00:00,ETHUSD,8.54
2016-12-30 04:00:00,ETHUSD,8.19
2016-12-29 04:00:00,ETHUSD,8.54
2016-12-28 04:00:00,ETHUSD,8.52
2016-12-27 04:00:00,ETHUSD,7.3
2016-12-26 04:00:00,ETHUSD,7.49
2016-12-25 04:00:00,ETHUSD,7.29
2016-12-24 04:00:00,ETHUSD,7.28
2016-12-23 04:00:00,ETHUSD,7.32
2016-12-22 04:00:00,ETHUSD,7.5
2016-12-21 04:00:00,ETHUSD,7.79
2016-12-20 04:00:00,ETHUSD,7.74
2016-12-19 04:00:00,ETHUSD,7.6
2016-12-18 04:00:00,ETHUSD,7.85
2016-12-17 04:00:00,ETHUSD,7.87
2016-12-16 04:00:00,ETHUSD,7.8
2016-12-15 04:00:00,ETHUSD,7.86
2016-12-14 04:00:00,ETHUSD,8.2
2016-12-13 04:00:00,ETHUSD,8.47
2016-12-12 04:00:00,ETHUSD,8.51
2016-12-11 04:00:00,ETHUSD,8.46
2016-12-10 04:00:00,ETHUSD,8.1
2016-12-09 04:00:00,ETHUSD,8.4
2016-12-08 04:00:00,ETHUSD,8.15
2016-12-07 04:00:00,ETHUSD,8.68
2016-12-06 04:00:00,ETHUSD,7.65
2016-12-05 04:00:00,ETHUSD,7.03
2016-12-04 04:00:00,ETHUSD,7.54
2016-12-03 04:00:00,ETHUSD,7.98
2016-12-02 04:00:00,ETHUSD,7.7
2016-12-01 04:00:00,ETHUSD,8.23
2016-11-30 04:00:00,ETHUSD,8.61
2016-11-29 04:00:00,ETHUSD,8.38
2016-11-28 04:00:00,ETHUSD,8.7
2016-11-27 04:00:00,ETHUSD,8.99
2016-11-26 04:00:00,ETHUSD,9.36
2016-11-25 04:00:00,ETHUSD,9.57
2016-11-24 04:00:00,ETHUSD,9.25
2016-11-23 04:00:00,ETHUSD,9.91
2016-11-22 04:00:00,ETHUSD,9.91
2016-11-21 04:00:00,ETHUSD,9.79
2016-11-20 04:00:00,ETHUSD,9.51
2016-11-19 04:00:00,ETHUSD,9.73
2016-11-18 04:00:00,ETHUSD,9.51
2016-11-17 04:00:00,ETHUSD,9.98
2016-11-16 04:00:00,ETHUSD,10.11
2016-11-15 04:00:00,ETHUSD,10.28
2016-11-14 04:00:00,ETHUSD,9.9
2016-11-13 04:00:00,ETHUSD,9.86
2016-11-12 04:00:00,ETHUSD,10.2
2016-11-11 04:00:00,ETHUSD,10.33
2016-11-10 04:00:00,ETHUSD,10.36
2016-11-09 04:00:00,ETHUSD,10.63
2016-11-08 04:00:00,ETHUSD,10.45
2016-11-07 04:00:00,ETHUSD,10.91
2016-11-06 04:00:00,ETHUSD,11.04
2016-11-05 04:00:00,ETHUSD,11.07
2016-11-04 04:00:00,ETHUSD,11.14
2016-11-03 04:00:00,ETHUSD,10.87
2016-11-02 04:00:00,ETHUSD,10.9
2016-11-01 04:00:00,ETHUSD,10.95
2016-10-31 04:00:00,ETHUSD,10.8
2016-10-30 04:00:00,ETHUSD,11.51
2016-10-29 04:00:00,ETHUSD,10.5
2016-10-28 04:00:00,ETHUSD,11.17
2016-10-27 04:00:00,ETHUSD,11.35
2016-10-26 04:00:00,ETHUSD,11.5
2016-10-25 04:00:00,ETHUSD,11.7
2016-10-24 04:00:00,ETHUSD,11.8
2016-10-23 04:00:00,ETHUSD,12
2016-10-22 04:00:00,ETHUSD,12.08
2016-10-21 04:00:00,ETHUSD,12.08
2016-10-20 04:00:00,ETHUSD,12.04
2016-10-19 04:00:00,ETHUSD,12.18
2016-10-18 04:00:00,ETHUSD,12.96
2016-10-17 04:00:00,ETHUSD,12.18
2016-10-16 04:00:00,ETHUSD,11.98
2016-10-15 04:00:00,ETHUSD,12.04
2016-10-14 04:00:00,ETHUSD,11.99
2016-10-13 04:00:00,ETHUSD,12.05
2016-10-12 04:00:00,ETHUSD,12.17
2016-10-11 04:00:00,ETHUSD,11.79
2016-10-10 04:00:00,ETHUSD,12
2016-10-09 04:00:00,ETHUSD,12.04
2016-10-08 04:00:00,ETHUSD,12.59
2016-10-07 04:00:00,ETHUSD,12.82
2016-10-06 04:00:00,ETHUSD,13
2016-10-05 04:00:00,ETHUSD,13.06
2016-10-04 04:00:00,ETHUSD,13.7
2016-10-03 04:00:00,ETHUSD,13.6
2016-10-02 04:00:00,ETHUSD,13.19
2016-10-01 04:00:00,ETHUSD,13.13
2016-09-30 04:00:00,ETHUSD,13.2
2016-09-29 04:00:00,ETHUSD,13.23
2016-09-28 04:00:00,ETHUSD,13.35
2016-09-27 04:00:00,ETHUSD,13.28
2016-09-26 04:00:00,ETHUSD,12.97
2016-09-25 04:00:00,ETHUSD,13.15
2016-09-24 04:00:00,ETHUSD,13.04
2016-09-23 04:00:00,ETHUSD,13.17
2016-09-22 04:00:00,ETHUSD,13.28
2016-09-21 04:00:00,ETHUSD,13.26
2016-09-20 04:00:00,ETHUSD,14.23
2016-09-19 04:00:00,ETHUSD,13.55
2016-09-18 04:00:00,ETHUSD,12.77
2016-09-17 04:00:00,ETHUSD,12.62
2016-09-16 04:00:00,ETHUSD,12.45
2016-09-15 04:00:00,ETHUSD,12.02
2016-09-14 04:00:00,ETHUSD,12.02
2016-09-13 04:00:00,ETHUSD,11.95
2016-09-12 04:00:00,ETHUSD,11.84
2016-09-11 04:00:00,ETHUSD,11.78
2016-09-10 04:00:00,ETHUSD,11.95
2016-09-09 04:00:00,ETHUSD,11.71
2016-09-08 04:00:00,ETHUSD,10.5
2016-09-07 04:00:00,ETHUSD,11.78
2016-09-06 04:00:00,ETHUSD,11.99
2016-09-05 04:00:00,ETHUSD,11.61
2016-09-04 04:00:00,ETHUSD,11.84
2016-09-03 04:00:00,ETHUSD,11.76
2016-09-02 04:00:00,ETHUSD,12.44
2016-09-01 04:00:00,ETHUSD,12.12
2016-08-31 04:00:00,ETHUSD,12.09
2016-08-30 04:00:00,ETHUSD,11.3
2016-08-29 04:00:00,ETHUSD,11.09
2016-08-28 04:00:00,ETHUSD,10.94
2016-08-27 04:00:00,ETHUSD,11.11
2016-08-26 04:00:00,ETHUSD,11.38
2016-08-25 04:00:00,ETHUSD,11.45
2016-08-24 04:00:00,ETHUSD,11.02
2016-08-23 04:00:00,ETHUSD,11.3
2016-08-22 04:00:00,ETHUSD,11.28
2016-08-21 04:00:00,ETHUSD,11.2
2016-08-20 04:00:00,ETHUSD,11.05
2016-08-19 04:00:00,ETHUSD,11.16
2016-08-18 04:00:00,ETHUSD,10.85
2016-08-17 04:00:00,ETHUSD,11.13
2016-08-16 04:00:00,ETHUSD,11.24
2016-08-15 04:00:00,ETHUSD,11.12
2016-08-14 04:00:00,ETHUSD,11.51
2016-08-13 04:00:00,ETHUSD,11.73
2016-08-12 04:00:00,ETHUSD,11.95
2016-08-11 04:00:00,ETHUSD,11.86
2016-08-10 04:00:00,ETHUSD,12.39
2016-08-09 04:00:00,ETHUSD,12.36
2016-08-08 04:00:00,ETHUSD,11.35
2016-08-07 04:00:00,ETHUSD,11.11
2016-08-06 04:00:00,ETHUSD,10.99
2016-08-05 04:00:00,ETHUSD,11
2016-08-04 04:00:00,ETHUSD,11.2
2016-08-03 04:00:00,ETHUSD,10.52
2016-08-02 04:00:00,ETHUSD,9.53
2016-08-01 04:00:00,ETHUSD,11.01
2016-07-31 04:00:00,ETHUSD,11.81
2016-07-30 04:00:00,ETHUSD,12.5
2016-07-29 04:00:00,ETHUSD,12.87
2016-07-28 04:00:00,ETHUSD,13.14
2016-07-27 04:00:00,ETHUSD,13.01
2016-07-26 04:00:00,ETHUSD,12.13
2016-07-25 04:00:00,ETHUSD,14.15
2016-07-24 04:00:00,ETHUSD,13.35
2016-07-23 04:00:00,ETHUSD,14.21
2016-07-22 04:00:00,ETHUSD,15.5
2016-07-21 04:00:00,ETHUSD,13.08
2016-07-20 04:00:00,ETHUSD,12.61
2016-07-19 04:00:00,ETHUSD,12.33
2016-07-18 04:00:00,ETHUSD,11.2
2016-07-17 04:00:00,ETHUSD,11.52
2016-07-16 04:00:00,ETHUSD,11.62
2016-07-15 04:00:00,ETHUSD,12
2016-07-14 04:00:00,ETHUSD,12
2016-07-13 04:00:00,ETHUSD,11.1
2016-07-12 04:00:00,ETHUSD,10.76
2016-07-11 04:00:00,ETHUSD,10.7
2016-07-10 04:00:00,ETHUSD,11.09
2016-07-09 04:00:00,ETHUSD,11
2016-07-08 04:00:00,ETHUSD,11.4
2016-07-07 04:00:00,ETHUSD,10.33
2016-07-06 04:00:00,ETHUSD,10.36
2016-07-05 04:00:00,ETHUSD,11.45
2016-07-04 04:00:00,ETHUSD,11.46
2016-07-03 04:00:00,ETHUSD,11.78
2016-07-02 04:00:00,ETHUSD,12.03
2016-07-01 04:00:00,ETHUSD,12.05
2016-06-30 04:00:00,ETHUSD,12.39
2016-06-29 04:00:00,ETHUSD,12.83
2016-06-28 04:00:00,ETHUSD,12.14
2016-06-27 04:00:00,ETHUSD,14.02
2016-06-26 04:00:00,ETHUSD,14
2016-06-25 04:00:00,ETHUSD,14.33
2016-06-24 04:00:00,ETHUSD,14.5
2016-06-23 04:00:00,ETHUSD,13.36
2016-06-22 04:00:00,ETHUSD,13.16
2016-06-21 04:00:00,ETHUSD,14.96
2016-06-20 04:00:00,ETHUSD,12.3
2016-06-19 04:00:00,ETHUSD,12.46
2016-06-18 04:00:00,ETHUSD,12.51
2016-06-17 04:00:00,ETHUSD,14.31
2016-06-16 04:00:00,ETHUSD,21.09
2016-06-15 04:00:00,ETHUSD,18.99
2016-06-14 04:00:00,ETHUSD,18.58
2016-06-13 04:00:00,ETHUSD,17.95
2016-06-12 04:00:00,ETHUSD,15.81
2016-06-11 04:00:00,ETHUSD,14.3
2016-06-10 04:00:00,ETHUSD,13.95
2016-06-09 04:00:00,ETHUSD,14.38
2016-06-08 04:00:00,ETHUSD,14.49
2016-06-07 04:00:00,ETHUSD,14.65
2016-06-06 04:00:00,ETHUSD,13.96
2016-06-05 04:00:00,ETHUSD,13.92
2016-06-04 04:00:00,ETHUSD,13.74
2016-06-03 04:00:00,ETHUSD,13.91
2016-06-02 04:00:00,ETHUSD,13.84
2016-06-01 04:00:00,ETHUSD,13.85
2016-05-31 04:00:00,ETHUSD,14.13
2016-05-30 04:00:00,ETHUSD,12.61
2016-05-29 04:00:00,ETHUSD,12.43
2016-05-28 04:00:00,ETHUSD,12.06
2016-05-27 04:00:00,ETHUSD,10.41
2016-05-26 04:00:00,ETHUSD,11.75
2016-05-25 04:00:00,ETHUSD,12.9
2016-05-24 04:00:00,ETHUSD,12.69
2016-05-23 04:00:00,ETHUSD,13.56
2016-05-22 04:00:00,ETHUSD,14.33
2016-05-21 04:00:00,ETHUSD,14.14
2016-05-20 04:00:00,ETHUSD,13.29
2016-05-19 04:00:00,ETHUSD,14.56
2016-05-18 04:00:00,ETHUSD,13.87
2016-05-17 04:00:00,ETHUSD,13.04
2016-05-16 04:00:00,ETHUSD,11.33
2016-05-15 04:00:00,ETHUSD,10.06
2016-05-14 04:00:00,ETHUSD,10.57
2016-05-13 04:00:00,ETHUSD,10.5
2016-05-12 04:00:00,ETHUSD,10.4
2016-05-11 04:00:00,ETHUSD,10.45
2016-05-10 04:00:00,ETHUSD,9.74
2016-05-09 04:00:00,ETHUSD,9.36
